-- phpMyAdmin SQL Dump
-- version 4.2.3
-- http://www.phpmyadmin.net
--
-- Host: localhost
-- Erstellungszeit: 11. Sep 2015 um 19:45
-- Server Version: 5.5.40
-- PHP-Version: 5.3.28

SET SQL_MODE = "NO_AUTO_VALUE_ON_ZERO";
SET time_zone = "+00:00";


/*!40101 SET @OLD_CHARACTER_SET_CLIENT=@@CHARACTER_SET_CLIENT */;
/*!40101 SET @OLD_CHARACTER_SET_RESULTS=@@CHARACTER_SET_RESULTS */;
/*!40101 SET @OLD_COLLATION_CONNECTION=@@COLLATION_CONNECTION */;
/*!40101 SET NAMES utf8 */;

--
-- Datenbank: `usr_web224_8`
--

-- --------------------------------------------------------

--
-- Tabellenstruktur für Tabelle `Checkpoint`
--

CREATE TABLE IF NOT EXISTS `Checkpoint` (
`checkpointId` int(11) NOT NULL,
  `name` varchar(80) NOT NULL,
  `manned` tinyint(1) NOT NULL,
  `raceFk` int(11) NOT NULL
) ENGINE=MyISAM  DEFAULT CHARSET=utf8 AUTO_INCREMENT=14 ;

--
-- Daten für Tabelle `Checkpoint`
--

INSERT INTO `Checkpoint` (`checkpointId`, `name`, `manned`, `raceFk`) VALUES
(1, 'Aamon', 1, 1),
(2, 'Rotschi', 1, 1),
(3, 'Jeremy', 1, 1),
(4, 'Voxo', 1, 1),
(5, 'Moik', 1, 1),
(10, 'Wide Open', 1, 2),
(9, 'HQ', 1, 2),
(11, 'Heaven Devils', 1, 2),
(12, 'Delirium Inc', 1, 2),
(13, 'Absolution', 1, 2);

-- --------------------------------------------------------

--
-- Tabellenstruktur für Tabelle `Delivery`
--

CREATE TABLE IF NOT EXISTS `Delivery` (
`deliveryId` int(11) NOT NULL,
  `taskFk` int(11) NOT NULL,
  `parcelFk` int(11) DEFAULT NULL,
  `pickupFk` int(11) NOT NULL,
  `dropoffFk` int(11) NOT NULL
) ENGINE=MyISAM  DEFAULT CHARSET=utf8 AUTO_INCREMENT=102 ;

--
-- Daten für Tabelle `Delivery`
--

INSERT INTO `Delivery` (`deliveryId`, `taskFk`, `parcelFk`, `pickupFk`, `dropoffFk`) VALUES
(11, 3, 3, 5, 2),
(10, 3, 3, 5, 3),
(9, 3, 3, 5, 4),
(101, 45, 17, 11, 13),
(100, 45, 17, 12, 10),
(99, 45, 17, 10, 11),
(98, 45, 17, 13, 12),
(97, 44, 18, 12, 13),
(96, 44, 17, 11, 12),
(95, 44, 18, 13, 11),
(94, 44, 16, 10, 13),
(93, 44, 18, 11, 10),
(92, 44, 17, 12, 11),
(91, 44, 18, 10, 12),
(90, 44, 16, 13, 10),
(89, 43, 17, 12, 10),
(88, 43, 17, 13, 11),
(87, 43, 17, 10, 12),
(86, 43, 17, 11, 13),
(85, 43, 18, 11, 10),
(84, 43, 18, 10, 13),
(83, 43, 17, 10, 12),
(82, 43, 18, 13, 11),
(81, 43, 17, 12, 11),
(80, 43, 16, 12, 10),
(79, 43, 17, 11, 10),
(78, 43, 16, 10, 12),
(77, 42, 23, 13, 13),
(76, 41, 22, 10, 11),
(75, 41, 22, 12, 13),
(74, 41, 22, 10, 11),
(73, 41, 22, 12, 13),
(72, 40, 18, 13, 10),
(71, 40, 18, 13, 10),
(70, 40, 18, 13, 10),
(69, 40, 18, 13, 10),
(68, 40, 18, 11, 12),
(67, 40, 18, 11, 12),
(66, 40, 18, 11, 12),
(65, 40, 18, 11, 12),
(64, 39, 21, 13, 10),
(63, 39, 16, 13, 10),
(62, 39, 16, 12, 10),
(61, 39, 16, 11, 10),
(60, 39, 21, 10, 13),
(59, 39, 16, 10, 13),
(58, 39, 16, 10, 12),
(57, 39, 16, 10, 11),
(8, 2, 2, 3, 4),
(7, 2, 2, 3, 5),
(4, 1, 1, 1, 2),
(5, 2, 2, 3, 2),
(6, 2, 2, 3, 1),
(3, 1, 1, 1, 3),
(2, 1, 1, 1, 4),
(1, 1, 1, 1, 5),
(12, 3, 3, 5, 1),
(13, 4, 4, 2, 1),
(14, 4, 4, 2, 5),
(15, 4, 4, 2, 4),
(16, 4, 4, 2, 3),
(17, 5, 5, 4, 3),
(18, 5, 5, 4, 2),
(19, 5, 5, 4, 1),
(20, 5, 5, 4, 5),
(21, 6, 1, 2, 1),
(22, 6, 1, 3, 1),
(23, 6, 1, 4, 1),
(24, 6, 1, 5, 1),
(25, 7, 2, 4, 3),
(26, 7, 2, 5, 3),
(27, 7, 2, 1, 3),
(28, 7, 2, 2, 3),
(29, 8, 3, 1, 5),
(30, 8, 3, 2, 5),
(31, 8, 3, 3, 5),
(32, 8, 3, 4, 5),
(33, 9, 4, 3, 2),
(34, 9, 4, 4, 2),
(35, 9, 4, 5, 2),
(36, 9, 4, 1, 2),
(37, 10, 5, 5, 4),
(38, 10, 5, 1, 4),
(39, 10, 5, 2, 4),
(40, 10, 5, 3, 4),
(41, 11, 6, 1, 1),
(42, 12, 8, 3, 3),
(43, 13, 9, 5, 5),
(44, 14, 10, 2, 2),
(45, 15, 11, 4, 4),
(46, 16, 12, 3, 3),
(47, 17, 13, 5, 5),
(48, 18, 9, 2, 2),
(49, 19, 15, 4, 4),
(50, 20, 7, 1, 1);

-- --------------------------------------------------------

--
-- Tabellenstruktur für Tabelle `DeliveryCondition`
--

CREATE TABLE IF NOT EXISTS `DeliveryCondition` (
`deliveryConditionId` int(11) NOT NULL,
  `deliveryFk` int(11) NOT NULL,
  `previousDeliveryFk` int(11) NOT NULL
) ENGINE=MyISAM  DEFAULT CHARSET=utf8 AUTO_INCREMENT=92 ;

--
-- Daten für Tabelle `DeliveryCondition`
--

INSERT INTO `DeliveryCondition` (`deliveryConditionId`, `deliveryFk`, `previousDeliveryFk`) VALUES
(63, 89, 88),
(62, 88, 87),
(77, 88, 86),
(75, 87, 84),
(59, 85, 84),
(68, 85, 83),
(57, 83, 82),
(65, 83, 81),
(72, 84, 80),
(54, 80, 79),
(53, 79, 78),
(52, 76, 75),
(51, 75, 74),
(50, 74, 73),
(49, 72, 71),
(48, 71, 70),
(47, 70, 69),
(46, 69, 68),
(45, 68, 67),
(44, 67, 66),
(43, 66, 65),
(42, 64, 63),
(41, 64, 62),
(40, 64, 61),
(39, 63, 60),
(37, 62, 60),
(38, 61, 60),
(35, 60, 58),
(34, 60, 57),
(33, 60, 59),
(2, 3, 2),
(1, 2, 1),
(71, 83, 80),
(66, 84, 82),
(67, 84, 81),
(69, 81, 79),
(70, 82, 79),
(73, 86, 84),
(74, 86, 83),
(76, 87, 83),
(78, 88, 85),
(79, 91, 90),
(86, 92, 91),
(88, 94, 93),
(89, 95, 94),
(90, 96, 95),
(91, 97, 96),
(3, 4, 3),
(87, 93, 92),
(4, 6, 5),
(5, 7, 6),
(6, 8, 7),
(7, 10, 9),
(8, 11, 10),
(9, 12, 11),
(10, 14, 13),
(11, 15, 14),
(12, 16, 15),
(13, 18, 17),
(14, 19, 18),
(15, 20, 19),
(16, 22, 21),
(17, 23, 22),
(18, 24, 23),
(19, 26, 25),
(20, 27, 26),
(21, 28, 27),
(22, 30, 29),
(23, 31, 30),
(24, 32, 31),
(25, 34, 33),
(26, 35, 34),
(27, 36, 35),
(28, 38, 37),
(29, 39, 38),
(30, 40, 39);

-- --------------------------------------------------------

--
-- Tabellenstruktur für Tabelle `Parcel`
--

CREATE TABLE IF NOT EXISTS `Parcel` (
`parcelId` int(11) NOT NULL,
  `name` varchar(80) NOT NULL,
  `description` varchar(256) NOT NULL,
  `raceFk` int(11) NOT NULL,
  `image` varchar(80) DEFAULT NULL
) ENGINE=MyISAM  DEFAULT CHARSET=utf8 AUTO_INCREMENT=24 ;

--
-- Daten für Tabelle `Parcel`
--

INSERT INTO `Parcel` (`parcelId`, `name`, `description`, `raceFk`, `image`) VALUES
(1, 'kuz bag', '', 1, 'parcel/1-1.jpg'),
(2, 'small GO box', '', 1, 'parcel/2-.jpg'),
(3, 'kuz envelope', '', 1, 'parcel/3-.jpg'),
(4, 'red GO box', '', 1, 'parcel/4-.jpg'),
(5, 'big GO box', '', 1, 'parcel/5-.jpg'),
(6, 'Egg', '', 1, 'parcel/6-.jpg'),
(7, 'bike thief', 'your bike got stolen! you grab any bike from your friend and go one round...', 1, 'parcel/7-.jpg'),
(8, 'Lock Jeremy', 'Lock your bike. Run to checkpoint rotschi to unlock and bring the lock back to jeremy...', 1, 'parcel/8-.jpg'),
(9, 'Foot moik', 'enter from the backyard. on foot. runimal', 1, 'parcel/9-.jpg'),
(10, 'Lock rotschi', 'Lock your bike. Run to checkpoint jeremy to unlock and bring the open lock back to rotschi...', 1, 'parcel/10-.jpg'),
(11, 'Flat out tyre', 'show the inner tube or a front wheel. your own or one at the checkpoint. pump, remount and go one round with the repaird wheel...', 1, 'parcel/11-.jpg'),
(12, 'Cargo', 'go one round on a cargo bike', 1, 'parcel/12-.jpg'),
(13, 'Beer', '', 1, 'parcel/13-.jpg'),
(14, 'Foot Rotschi', 'a small round on foot. run run', 1, 'parcel/14-.jpg'),
(15, 'Dress for success', 'invitation to a business party. get your race gear off and put on some fancy stuff. the. race to the party for one round.', 1, 'parcel/15-.jpg'),
(16, 'big', 'Big Box', 2, NULL),
(17, 'small', 'Small Box', 2, NULL),
(18, 'text', 'A Letter', 2, NULL),
(19, 'bag', 'A plastic bag', 2, NULL),
(20, 'tallbike', '', 1, 'parcel/20-3.jpg'),
(21, '4B', '4 Big Boxes', 2, NULL),
(22, '2T', '2 Letters', 2, NULL),
(23, 'lock', 'Good old rusty lock', 2, NULL);

-- --------------------------------------------------------

--
-- Tabellenstruktur für Tabelle `Race`
--

CREATE TABLE IF NOT EXISTS `Race` (
`raceId` int(11) NOT NULL,
  `name` varchar(256) NOT NULL,
  `status` enum('prepare','running','finished') NOT NULL,
  `raceDate` date DEFAULT NULL
) ENGINE=MyISAM  DEFAULT CHARSET=utf8 AUTO_INCREMENT=3 ;

--
-- Daten für Tabelle `Race`
--

INSERT INTO `Race` (`raceId`, `name`, `status`, `raceDate`) VALUES
(1, 'BCMC 14', 'finished', '2014-08-30'),
(2, 'BCMC 15', 'prepare', '2015-09-12');

-- --------------------------------------------------------

--
-- Tabellenstruktur für Tabelle `Racer`
--

CREATE TABLE IF NOT EXISTS `Racer` (
`racerId` int(11) NOT NULL,
  `racerNumber` int(11) NOT NULL,
  `name` varchar(256) NOT NULL,
  `city` varchar(80) NOT NULL,
  `country` varchar(80) NOT NULL,
  `email` varchar(80) NOT NULL,
  `raceFk` int(11) NOT NULL,
  `status` enum('registered','active') NOT NULL,
  `image` varchar(80) DEFAULT NULL
) ENGINE=MyISAM  DEFAULT CHARSET=utf8 AUTO_INCREMENT=50 ;

--
-- Daten für Tabelle `Racer`
--

INSERT INTO `Racer` (`racerId`, `racerNumber`, `name`, `city`, `country`, `email`, `raceFk`, `status`, `image`) VALUES
(4, 38, 'Mathias ', 'Loz town', 'male', '', 1, 'active', 'racer/4-3.jpg'),
(5, 13, 'Kempen Otto Aiko', 'Leipzsch', 'male', '', 1, 'active', 'racer/5-1.jpg'),
(6, 33, 'Jakob vk133 Benz', 'st.gallen', 'male', '', 1, 'active', 'racer/6-1.jpg'),
(7, 27, 'Armin Aaron Biehler', 'Basel', 'male', '', 1, 'active', 'racer/7-2.jpg'),
(8, 28, 'Florian Flow Brehm', 'Basel', 'male', '', 1, 'active', 'racer/8-1.jpg'),
(12, 8, 'filippo OFF filippini', 'Milano', 'male', '', 1, 'active', 'racer/12-.jpg'),
(13, 9, 'Daniele Mr.Ohm Fonelli', 'Milano', 'male', '', 1, 'active', 'racer/13-.jpg'),
(14, 26, 'Christian Chris Hadorn', 'Sankt Gallen', 'male', '', 1, 'active', 'racer/14-.jpg'),
(17, 11, 'Jan  Hubac', 'PRG', 'male', '', 1, 'active', 'racer/17-.jpg'),
(18, 15, 'Hagen Hagon Huebner', 'Basel', 'male', '', 1, 'active', 'racer/18-.jpg'),
(21, 5, 'Simon  Klimt', 'PRG', 'male', '', 1, 'active', 'racer/21-1.jpg'),
(22, 20, 'Laurent Mundschin Lastyearyeah', 'Basel', 'male', '', 1, 'active', 'racer/22-.jpg'),
(23, 43, 'Martin El Torro Lichtenfels', 'Oxxenbach', 'male', '', 1, 'active', 'racer/23-.jpg'),
(25, 4, 'Astrid Azkik Narud', 'Berlin', 'female', '', 1, 'active', 'racer/25-.jpg'),
(26, 7, 'Maurice Moe Ndotoni', 'Basel', 'male', '', 1, 'active', 'racer/26-.jpg'),
(27, 48, 'Yannik Y-King Pankrath', 'Basel', 'male', '', 1, 'active', 'racer/27-.jpg'),
(28, 19, 'raphael doble pfeiffer', 'berne', 'male', '', 1, 'active', 'racer/28-.jpg'),
(29, 1, 'Nicole  Riedel', 'Leipzig', 'female', '', 1, 'active', 'racer/29-.jpg'),
(30, 44, 'Mario #4078 Scandella', 'Bern', 'male', '', 1, 'active', 'racer/30-.jpg'),
(32, 14, 'Mariuzzzzzz 964 Schliengerrrrrrr', 'Bazzle', 'male', '', 1, 'active', 'racer/32-.jpg'),
(33, 12, 'Pije pije Schmid', 'BNC', 'male', '', 1, 'active', 'racer/33-.jpg'),
(37, 6, 'Matous', 'PRG', 'male', '', 1, 'active', 'racer/37-.jpg'),
(38, 17, 'Casper  Thiriet', 'Basel', 'male', '', 1, 'active', 'racer/38-.jpg'),
(40, 10, 'Jirka  Vosshlo', 'PRG', 'male', '', 1, 'active', 'racer/40-.jpg'),
(42, 23, 'Florian  D.', 'BS', 'male', '', 1, 'active', 'racer/42-.jpg'),
(44, 37, 'David Bringold', 'Basel', 'male', '', 1, 'registered', 'racer/44-.jpg'),
(45, 16, 'Nils Fisch', 'Weil am Rhein', 'male', '', 1, 'registered', 'racer/45-.jpg'),
(46, 49, 'Tim', 'Frankfurt', 'male', '', 1, 'registered', 'racer/46-.jpg'),
(47, 3, 'Kevin Hedige', 'Basel', 'male', '', 1, 'registered', 'racer/47-.jpg'),
(48, 2, 'Adrian', 'Neuchatel', 'male', '', 1, 'registered', 'racer/48-.jpg'),
(49, 18, 'Leonardo Burgos', 'Basel', '', '', 1, 'registered', 'racer/49-.jpg');

-- --------------------------------------------------------

--
-- Tabellenstruktur für Tabelle `RacerDelivery`
--

CREATE TABLE IF NOT EXISTS `RacerDelivery` (
`racerDeliveryId` int(11) NOT NULL,
  `racerTaskFk` int(11) NOT NULL,
  `deliveryFk` int(11) NOT NULL,
  `pickupTime` datetime DEFAULT NULL,
  `dropoffTime` datetime DEFAULT NULL
) ENGINE=MyISAM  DEFAULT CHARSET=utf8 AUTO_INCREMENT=919 ;

--
-- Daten für Tabelle `RacerDelivery`
--

INSERT INTO `RacerDelivery` (`racerDeliveryId`, `racerTaskFk`, `deliveryFk`, `pickupTime`, `dropoffTime`) VALUES
(1, 1, 1, '2014-08-30 16:16:59', '2014-08-30 16:18:31'),
(2, 1, 2, '2014-08-30 16:26:45', '2014-08-30 16:28:46'),
(3, 1, 3, '2014-08-30 16:30:49', '2014-08-30 16:34:24'),
(4, 1, 4, '2014-08-30 16:36:16', '2014-08-30 16:40:11'),
(5, 2, 5, '2014-08-30 16:16:40', '2014-08-30 16:17:38'),
(6, 2, 6, '2014-08-30 16:21:27', '2014-08-30 16:23:55'),
(7, 2, 7, '2014-08-30 16:26:41', '2014-08-30 16:29:50'),
(8, 2, 8, '2014-08-30 16:31:07', '2014-08-30 16:36:09'),
(9, 3, 9, '2014-08-30 16:17:23', '2014-08-30 16:19:19'),
(10, 3, 10, '2014-08-30 16:22:03', '2014-08-30 16:22:51'),
(11, 3, 11, '2014-08-30 16:26:30', '2014-08-30 16:27:31'),
(12, 3, 12, '2014-08-30 16:30:09', '2014-08-30 16:32:48'),
(13, 4, 13, '2014-08-30 16:19:24', '2014-08-30 16:19:56'),
(14, 4, 14, '2014-08-30 16:24:25', '2014-08-30 16:27:51'),
(15, 4, 15, '2014-08-30 16:30:21', '2014-08-30 16:34:10'),
(16, 4, 16, '2014-08-30 16:36:27', '2014-08-30 16:42:30'),
(17, 5, 17, '2014-08-30 16:15:53', '2014-08-30 16:16:56'),
(18, 5, 18, '2014-08-30 16:20:21', '2014-08-30 16:25:06'),
(19, 5, 19, '2014-08-30 16:27:36', '2014-08-30 16:28:40'),
(20, 5, 20, '2014-08-30 16:31:03', '2014-08-30 16:35:14'),
(21, 6, 1, '2014-08-30 16:16:14', '2014-08-30 16:17:52'),
(22, 6, 2, '2014-08-30 16:20:23', '2014-08-30 16:23:03'),
(23, 6, 3, '2014-08-30 16:25:30', '2014-08-30 16:27:38'),
(24, 6, 4, '2014-08-30 16:34:29', '2014-08-30 16:36:41'),
(25, 7, 5, '2014-08-30 16:16:57', '2014-08-30 16:18:19'),
(26, 7, 6, '2014-08-30 16:22:53', '2014-08-30 16:24:51'),
(27, 7, 7, '2014-08-30 16:26:59', '2014-08-30 16:29:15'),
(28, 7, 8, '2014-08-30 16:30:16', '2014-08-30 16:32:40'),
(29, 8, 9, '2014-08-30 16:17:32', '2014-08-30 16:20:05'),
(30, 8, 10, '2014-08-30 16:26:10', '2014-08-30 16:27:18'),
(31, 8, 11, '2014-08-30 16:31:13', '2014-08-30 16:33:43'),
(32, 8, 12, '2014-08-30 16:37:21', '2014-08-30 16:40:10'),
(33, 9, 13, '2014-08-30 16:16:14', '2014-08-30 16:17:50'),
(34, 9, 14, '2014-08-30 16:22:02', '2014-08-30 16:23:33'),
(35, 9, 15, '2014-08-30 16:25:23', '2014-08-30 16:27:58'),
(36, 9, 16, '2014-08-30 16:29:01', '2014-08-30 16:32:23'),
(37, 10, 17, '2014-08-30 16:15:39', '2014-08-30 16:17:10'),
(38, 10, 18, '2014-08-30 16:19:28', '2014-08-30 16:25:22'),
(39, 10, 19, '2014-08-30 16:27:07', '2014-08-30 16:29:43'),
(40, 10, 20, '2014-08-30 16:31:54', '2014-08-30 16:35:56'),
(41, 11, 1, '2014-08-30 16:16:24', '2014-08-30 16:18:13'),
(42, 11, 2, '2014-08-30 16:20:35', '2014-08-30 16:23:12'),
(43, 11, 3, '2014-08-30 16:25:05', '2014-08-30 16:29:40'),
(44, 11, 4, '2014-08-30 16:31:30', '2014-08-30 16:34:15'),
(45, 12, 5, '2014-08-30 16:16:09', '2014-08-30 16:17:02'),
(46, 12, 6, '2014-08-30 16:19:38', '2014-08-30 16:21:04'),
(47, 12, 7, '2014-08-30 16:23:46', '2014-08-30 16:28:01'),
(48, 12, 8, '2014-08-30 16:29:41', '2014-08-30 16:33:41'),
(49, 13, 9, '2014-08-30 16:17:02', '2014-08-30 16:17:49'),
(50, 13, 10, '2014-08-30 16:27:13', '2014-08-30 16:28:24'),
(51, 13, 11, '2014-08-30 16:36:15', '2014-08-30 16:38:08'),
(52, 13, 12, '2014-08-30 16:53:51', '2014-08-30 16:55:11'),
(53, 14, 13, '2014-08-30 16:16:49', '2014-08-30 16:18:32'),
(54, 14, 14, '2014-08-30 16:20:58', '2014-08-30 16:22:55'),
(55, 14, 15, '2014-08-30 16:23:49', '2014-08-30 16:25:47'),
(56, 14, 16, '2014-08-30 16:26:36', '2014-08-30 16:28:55'),
(57, 15, 17, '2014-08-30 16:16:09', '2014-08-30 16:17:22'),
(58, 15, 18, '2014-08-30 16:19:46', '2014-08-30 16:20:32'),
(59, 15, 19, '2014-08-30 16:22:10', '2014-08-30 16:24:14'),
(60, 15, 20, '2014-08-30 16:28:47', '2014-08-30 16:30:59'),
(61, 16, 1, '2014-08-30 16:16:40', '2014-08-30 16:18:07'),
(62, 16, 2, '2014-08-30 16:22:08', '2014-08-30 16:23:35'),
(63, 16, 3, '2014-08-30 16:26:14', '2014-08-30 16:28:23'),
(64, 16, 4, '2014-08-30 16:29:55', '2014-08-30 16:32:24'),
(65, 17, 5, '2014-08-30 16:16:08', '2014-08-30 16:17:42'),
(66, 17, 6, '2014-08-30 16:21:05', '2014-08-30 16:23:21'),
(67, 17, 7, '2014-08-30 16:26:07', '2014-08-30 16:28:51'),
(68, 17, 8, '2014-08-30 16:30:31', '2014-08-30 16:34:49'),
(69, 18, 9, '2014-08-30 16:17:11', '2014-08-30 16:18:30'),
(70, 18, 10, '2014-08-30 16:20:16', '2014-08-30 16:22:05'),
(71, 18, 11, '2014-08-30 16:24:30', '2014-08-30 16:26:08'),
(72, 18, 12, '2014-08-30 16:28:19', '2014-08-30 16:30:10'),
(73, 19, 9, '2014-08-30 16:17:50', '2014-08-30 16:19:55'),
(74, 19, 10, '2014-08-30 16:23:25', '2014-08-30 16:24:56'),
(75, 19, 11, '2014-08-30 16:27:47', '2014-08-30 16:29:00'),
(76, 19, 12, '2014-08-30 16:31:22', '2014-08-30 16:33:49'),
(77, 20, 13, '2014-08-30 16:16:10', '2014-08-30 16:17:11'),
(78, 20, 14, '2014-08-30 16:22:52', '2014-08-30 16:26:42'),
(79, 20, 15, '2014-08-30 16:29:46', '2014-08-30 16:34:26'),
(80, 20, 16, '2014-08-30 16:38:40', '2014-08-30 16:44:54'),
(81, 21, 51, '2014-08-30 15:17:18', '2014-08-30 15:17:51'),
(82, 21, 52, '2014-08-30 15:18:13', '2014-08-30 15:18:43'),
(83, 21, 53, '2014-08-30 15:18:58', '2014-08-30 15:19:08'),
(84, 22, 54, '2014-08-30 15:17:26', '2014-08-30 15:17:10'),
(85, 23, 56, '2014-08-30 15:14:44', '2014-08-30 15:15:02'),
(86, 24, 55, '2014-08-30 15:19:59', '2014-08-30 15:20:11'),
(87, 25, 17, '2014-08-30 16:16:17', '2014-08-30 16:17:25'),
(88, 25, 18, '2014-08-30 16:19:19', '2014-08-30 16:20:15'),
(89, 25, 19, '2014-08-30 16:21:56', '2014-08-30 16:24:08'),
(90, 25, 20, '2014-08-30 16:25:47', '2014-08-30 16:28:18'),
(91, 26, 5, '2014-08-30 16:16:29', '2014-08-30 16:18:16'),
(92, 26, 6, '2014-08-30 16:20:26', '2014-08-30 16:22:22'),
(93, 26, 7, '2014-08-30 16:24:03', '2014-08-30 16:26:24'),
(94, 26, 8, '2014-08-30 16:29:05', '2014-08-30 16:33:12'),
(95, 27, 9, '2014-08-30 16:17:38', '2014-08-30 16:18:15'),
(96, 27, 10, '2014-08-30 16:37:38', '2014-08-30 16:38:48'),
(97, 27, 11, '2014-08-30 17:15:05', '2014-08-30 17:16:28'),
(98, 27, 12, '2014-08-30 17:19:56', '2014-08-30 17:21:27'),
(99, 28, 1, '2014-08-30 16:16:47', '2014-08-30 16:18:25'),
(100, 28, 2, '2014-08-30 16:21:25', '2014-08-30 16:23:22'),
(101, 28, 3, '2014-08-30 16:25:28', '2014-08-30 16:27:22'),
(102, 28, 4, '2014-08-30 16:28:24', '2014-08-30 16:30:32'),
(103, 29, 1, '2014-08-30 16:17:23', '2014-08-30 16:18:52'),
(104, 29, 2, '2014-08-30 16:20:09', '2014-08-30 16:21:56'),
(105, 29, 3, '2014-08-30 16:23:38', '2014-08-30 16:25:25'),
(106, 29, 4, '2014-08-30 16:26:58', '2014-08-30 16:29:30'),
(107, 30, 51, '2014-08-30 15:19:17', '2014-08-30 15:20:22'),
(108, 30, 52, '2014-08-30 15:20:30', '2014-08-30 15:21:35'),
(109, 30, 53, '2014-08-30 15:21:53', '2014-08-30 15:22:48'),
(110, 31, 54, '2014-08-30 15:18:14', '2014-08-30 15:19:25'),
(111, 32, 56, '2014-08-30 15:18:20', '2014-08-30 15:19:16'),
(112, 33, 9, '2014-08-30 16:22:47', '2014-08-30 16:23:19'),
(113, 33, 10, '2014-08-30 16:26:01', '2014-08-30 16:26:37'),
(114, 33, 11, '2014-08-30 16:28:56', '2014-08-30 16:30:55'),
(115, 33, 12, '2014-08-30 16:33:00', '2014-08-30 16:40:35'),
(116, 34, 55, '2014-08-30 15:18:07', '2014-08-30 15:18:27'),
(117, 35, 5, '2014-08-30 16:15:55', '2014-08-30 16:17:15'),
(118, 35, 6, '2014-08-30 16:18:58', '2014-08-30 16:19:40'),
(119, 35, 7, '2014-08-30 16:23:30', '2014-08-30 16:28:35'),
(120, 35, 8, '2014-08-30 16:29:56', '2014-08-30 16:32:07'),
(121, 36, 54, '2014-08-30 15:18:58', '2014-08-30 15:19:03'),
(122, 37, 13, '2014-08-30 16:16:37', '2014-08-30 16:18:10'),
(123, 37, 14, '2014-08-30 16:20:04', '2014-08-30 16:21:47'),
(124, 37, 15, '2014-08-30 16:22:43', '2014-08-30 16:24:23'),
(125, 37, 16, '2014-08-30 16:25:02', '2014-08-30 16:27:51'),
(126, 38, 17, '2014-08-30 16:15:49', '2014-08-30 16:17:40'),
(127, 38, 18, '2014-08-30 16:19:36', '2014-08-30 16:20:39'),
(128, 38, 19, '2014-08-30 16:22:16', '2014-08-30 16:24:39'),
(129, 38, 20, '2014-08-30 16:26:30', '2014-08-30 16:29:53'),
(130, 39, 1, '2014-08-30 16:17:28', '2014-08-30 16:19:32'),
(131, 39, 2, '2014-08-30 16:22:40', '2014-08-30 16:31:14'),
(132, 39, 3, '2014-08-30 16:34:41', '2014-08-30 16:39:10'),
(133, 39, 4, '2014-08-30 16:41:03', '2014-08-30 16:46:18'),
(134, 40, 5, '2014-08-30 16:16:41', '2014-08-30 16:17:27'),
(135, 40, 6, '2014-08-30 16:21:21', '2014-08-30 16:23:21'),
(136, 40, 7, '2014-08-30 16:30:26', '2014-08-30 16:36:26'),
(137, 40, 8, '2014-08-30 16:40:22', '2014-08-30 16:48:42'),
(138, 41, 54, NULL, NULL),
(139, 42, 29, '2014-08-30 16:21:12', '2014-08-30 16:22:43'),
(140, 42, 30, '2014-08-30 16:24:09', '2014-08-30 16:25:53'),
(141, 42, 31, '2014-08-30 16:26:40', '2014-08-30 16:28:47'),
(142, 42, 32, '2014-08-30 16:29:46', '2014-08-30 16:32:53'),
(143, 43, 47, '2014-08-30 16:20:48', '2014-08-30 16:24:22'),
(144, 44, 5, '2014-08-30 16:19:57', '2014-08-30 16:20:26'),
(145, 44, 6, '2014-08-30 16:22:48', '2014-08-30 16:25:01'),
(146, 44, 7, '2014-08-30 16:36:03', '2014-08-30 16:40:45'),
(147, 44, 8, '2014-08-30 16:44:35', '2014-08-30 16:47:00'),
(148, 45, 13, '2014-08-30 16:23:25', '2014-08-30 16:25:06'),
(149, 45, 14, '2014-08-30 16:27:37', '2014-08-30 16:30:04'),
(150, 45, 15, '2014-08-30 16:31:17', '2014-08-30 16:49:44'),
(151, 45, 16, '2014-08-30 16:50:50', '2014-08-30 16:54:11'),
(152, 46, 1, '2014-08-30 16:33:04', '2014-08-30 16:34:51'),
(153, 46, 2, '2014-08-30 16:37:51', '2014-08-30 16:41:30'),
(154, 46, 3, '2014-08-30 16:45:20', '2014-08-30 16:47:21'),
(155, 46, 4, '2014-08-30 16:51:24', '2014-08-30 16:54:43'),
(156, 47, 25, '2014-08-30 16:18:58', '2014-08-30 16:19:35'),
(157, 47, 26, '2014-08-30 16:22:27', '2014-08-30 16:23:47'),
(158, 47, 27, '2014-08-30 16:25:34', '2014-08-30 16:30:53'),
(159, 47, 28, '2014-08-30 16:31:32', '2014-08-30 16:33:15'),
(160, 48, 13, '2014-08-30 16:22:27', '2014-08-30 16:24:27'),
(161, 48, 14, '2014-08-30 16:28:00', '2014-08-30 16:31:00'),
(162, 48, 15, '2014-08-30 16:33:34', '2014-08-30 16:38:06'),
(163, 48, 16, '2014-08-30 16:43:23', '2014-08-30 16:47:54'),
(164, 49, 29, '2014-08-30 16:21:54', '2014-08-30 16:23:16'),
(165, 49, 30, '2014-08-30 16:29:18', '2014-08-30 16:31:18'),
(166, 49, 31, '2014-08-30 16:32:05', '2014-08-30 16:36:55'),
(167, 49, 32, '2014-08-30 16:39:20', '2014-08-30 16:43:29'),
(168, 50, 5, '2014-08-30 16:21:39', '2014-08-30 16:22:17'),
(169, 50, 6, '2014-08-30 16:27:26', '2014-08-30 16:29:13'),
(170, 50, 7, '2014-08-30 16:32:20', '2014-08-30 16:37:17'),
(171, 50, 8, '2014-08-30 16:42:03', '2014-08-30 16:46:43'),
(172, 51, 47, '2014-08-30 16:23:43', '2014-08-30 16:27:40'),
(173, 52, 1, '2014-08-30 16:24:36', '2014-08-30 16:26:06'),
(174, 52, 2, '2014-08-30 16:29:25', '2014-08-30 16:38:10'),
(175, 52, 3, '2014-08-30 16:40:19', '2014-08-30 16:42:00'),
(176, 52, 4, '2014-08-30 16:43:58', '2014-08-30 16:48:37'),
(177, 53, 41, '2014-08-30 16:21:19', '2014-08-30 16:25:45'),
(178, 54, 46, '2014-08-30 16:20:14', '2014-08-30 16:24:11'),
(179, 55, 17, '2014-08-30 16:19:49', '2014-08-30 16:20:37'),
(180, 55, 18, '2014-08-30 16:23:48', '2014-08-30 16:24:48'),
(181, 55, 19, '2014-08-30 16:27:40', '2014-08-30 16:29:47'),
(182, 55, 20, '2014-08-30 16:31:26', '2014-08-30 16:34:08'),
(183, 56, 5, '2014-08-30 16:21:11', '2014-08-30 16:22:41'),
(184, 56, 6, '2014-08-30 16:28:48', '2014-08-30 16:32:21'),
(185, 56, 7, '2014-08-30 16:36:11', '2014-08-30 16:42:03'),
(186, 56, 8, '2014-08-30 16:45:21', '2014-08-30 16:50:01'),
(187, 57, 17, '2014-08-30 16:20:00', '2014-08-30 16:28:38'),
(188, 57, 18, '2014-08-30 16:34:37', '2014-08-30 16:38:48'),
(189, 57, 19, '2014-08-30 16:43:58', '2014-08-30 16:46:37'),
(190, 57, 20, '2014-08-30 16:50:05', '2014-08-30 16:53:43'),
(191, 58, 37, '2014-08-30 16:26:49', '2014-08-30 16:27:46'),
(192, 58, 38, '2014-08-30 16:28:53', '2014-08-30 16:30:44'),
(193, 58, 39, '2014-08-30 16:39:44', '2014-08-30 16:42:03'),
(194, 58, 40, '2014-08-30 16:43:49', '2014-08-30 16:47:44'),
(195, 59, 45, '2014-08-30 16:21:03', '2014-08-30 16:30:52'),
(196, 60, 17, '2014-08-30 16:20:01', '2014-08-30 16:20:57'),
(197, 60, 18, '2014-08-30 16:24:52', '2014-08-30 16:26:42'),
(198, 60, 19, '2014-08-30 16:29:28', '2014-08-30 16:32:40'),
(199, 60, 20, '2014-08-30 16:35:00', '2014-08-30 16:38:01'),
(200, 61, 9, '2014-08-30 16:22:24', '2014-08-30 16:23:16'),
(201, 61, 10, '2014-08-30 16:27:33', '2014-08-30 16:29:36'),
(202, 61, 11, '2014-08-30 16:33:15', '2014-08-30 16:34:19'),
(203, 61, 12, '2014-08-30 16:37:13', '2014-08-30 16:41:34'),
(204, 62, 50, '2014-08-30 16:23:10', '2014-08-30 16:26:29'),
(205, 63, 21, '2014-08-30 16:21:00', '2014-08-30 16:22:14'),
(206, 63, 22, '2014-08-30 16:25:12', '2014-08-30 16:26:49'),
(207, 63, 23, '2014-08-30 16:28:50', '2014-08-30 16:30:38'),
(208, 63, 24, '2014-08-30 16:32:20', '2014-08-30 16:35:58'),
(209, 64, 21, '2014-08-30 16:22:19', '2014-08-30 16:23:59'),
(210, 64, 22, '2014-08-30 16:26:37', '2014-08-30 16:27:56'),
(211, 64, 23, '2014-08-30 16:30:25', '2014-08-30 16:33:23'),
(212, 64, 24, '2014-08-30 16:35:24', '2014-08-30 16:38:18'),
(213, 65, 21, '2014-08-30 16:24:21', '2014-08-30 16:25:55'),
(214, 65, 22, '2014-08-30 16:30:29', '2014-08-30 16:33:29'),
(215, 65, 23, '2014-08-30 16:38:42', '2014-08-30 16:43:28'),
(216, 65, 24, '2014-08-30 16:48:16', '2014-08-30 16:51:40'),
(217, 66, 33, '2014-08-30 16:20:45', '2014-08-30 16:21:54'),
(218, 66, 34, '2014-08-30 16:24:21', '2014-08-30 16:25:15'),
(219, 66, 35, '2014-08-30 16:27:13', '2014-08-30 16:28:57'),
(220, 66, 36, '2014-08-30 16:30:15', '2014-08-30 16:33:09'),
(221, 67, 29, '2014-08-30 16:22:56', '2014-08-30 16:25:09'),
(222, 67, 30, '2014-08-30 16:32:40', '2014-08-30 16:37:47'),
(223, 67, 31, '2014-08-30 16:39:14', '2014-08-30 16:43:27'),
(224, 67, 32, '2014-08-30 16:45:03', '2014-08-30 16:49:00'),
(225, 68, 37, '2014-08-30 16:36:37', '2014-08-30 16:37:17'),
(226, 68, 38, '2014-08-30 16:39:59', '2014-08-30 16:41:47'),
(227, 68, 39, '2014-08-30 16:49:21', '2014-08-30 16:50:59'),
(228, 68, 40, '2014-08-30 16:58:42', '2014-08-30 17:04:17'),
(229, 69, 41, '2014-08-30 16:23:51', '2014-08-30 16:26:38'),
(230, 70, 9, '2014-08-30 16:28:01', '2014-08-30 16:28:35'),
(231, 70, 10, '2014-08-30 16:33:35', '2014-08-30 16:35:40'),
(232, 70, 11, '2014-08-30 16:39:53', '2014-08-30 16:43:24'),
(233, 70, 12, '2014-08-30 16:46:40', '2014-08-30 16:50:39'),
(234, 71, 25, '2014-08-30 16:32:23', '2014-08-30 16:32:54'),
(235, 71, 26, '2014-08-30 16:35:43', '2014-08-30 16:37:04'),
(236, 71, 27, '2014-08-30 16:38:43', '2014-08-30 16:41:39'),
(237, 71, 28, '2014-08-30 16:42:19', '2014-08-30 16:46:10'),
(238, 72, 1, '2014-08-30 16:26:08', '2014-08-30 16:27:55'),
(239, 72, 2, '2014-08-30 16:32:01', '2014-08-30 16:34:20'),
(240, 72, 3, '2014-08-30 16:38:01', '2014-08-30 16:42:37'),
(241, 72, 4, '2014-08-30 16:44:39', '2014-08-30 16:49:26'),
(242, 73, 17, '2014-08-30 16:22:42', '2014-08-30 16:23:14'),
(243, 73, 18, '2014-08-30 16:28:46', '2014-08-30 16:30:13'),
(244, 73, 19, '2014-08-30 16:34:40', '2014-08-30 16:37:51'),
(245, 73, 20, '2014-08-30 16:40:55', '2014-08-30 16:46:30'),
(246, 74, 5, '2014-08-30 16:23:22', '2014-08-30 16:24:10'),
(247, 74, 6, '2014-08-30 16:29:26', '2014-08-30 16:31:51'),
(248, 74, 7, '2014-08-30 16:35:35', '2014-08-30 16:39:39'),
(249, 74, 8, '2014-08-30 16:48:09', '2014-08-30 16:53:26'),
(250, 75, 5, '2014-08-30 16:24:15', '2014-08-30 16:25:26'),
(251, 75, 6, '2014-08-30 16:28:05', '2014-08-30 16:29:50'),
(252, 75, 7, '2014-08-30 16:32:35', '2014-08-30 16:36:02'),
(253, 75, 8, '2014-08-30 16:38:05', '2014-08-30 16:41:45'),
(254, 76, 1, '2014-08-30 16:25:53', '2014-08-30 16:28:05'),
(255, 76, 2, '2014-08-30 16:31:28', '2014-08-30 16:33:36'),
(256, 76, 3, '2014-08-30 16:35:12', '2014-08-30 16:38:19'),
(257, 76, 4, '2014-08-30 16:42:03', '2014-08-30 16:45:50'),
(258, 77, 43, '2014-08-30 16:28:39', '2014-08-30 16:33:05'),
(259, 78, 45, '2014-08-30 16:26:21', '2014-08-30 16:32:10'),
(260, 79, 13, '2014-08-30 16:31:50', '2014-08-30 16:33:29'),
(261, 79, 14, '2014-08-30 16:37:11', '2014-08-30 16:40:10'),
(262, 79, 15, '2014-08-30 16:41:37', '2014-08-30 16:43:59'),
(263, 79, 16, '2014-08-30 16:44:58', '2014-08-30 16:49:06'),
(264, 80, 50, '2014-08-30 16:28:45', '2014-08-30 16:34:14'),
(265, 81, 9, '2014-08-30 16:30:02', '2014-08-30 16:30:53'),
(266, 81, 10, '2014-08-30 16:35:27', '2014-08-30 16:41:58'),
(267, 81, 11, '2014-08-30 16:44:37', '2014-08-30 16:48:09'),
(268, 81, 12, '2014-08-30 16:49:38', '2014-08-30 16:54:41'),
(269, 82, 41, '2014-08-30 16:34:46', '2014-08-30 16:40:55'),
(270, 83, 5, '2014-08-30 16:27:37', '2014-08-30 16:32:55'),
(271, 83, 6, '2014-08-30 16:37:42', '2014-08-30 16:38:59'),
(272, 83, 7, '2014-08-30 16:42:02', '2014-08-30 16:56:26'),
(273, 83, 8, '2014-08-30 17:06:08', '2014-08-30 17:11:33'),
(274, 84, 41, '2014-08-30 16:29:31', '2014-08-30 16:32:03'),
(275, 85, 41, '2014-08-30 16:31:11', '2014-08-30 16:34:46'),
(276, 86, 46, '2014-08-30 16:30:22', '2014-08-30 16:40:19'),
(277, 87, 47, '2014-08-30 16:36:54', '2014-08-30 16:47:27'),
(278, 88, 49, '2014-08-30 16:39:08', '2014-08-30 16:48:38'),
(279, 89, 48, '2014-08-30 16:41:27', '2014-08-30 16:42:41'),
(280, 90, 43, '2014-08-30 16:37:05', '2014-08-30 16:45:00'),
(281, 91, 33, '2014-08-30 16:38:56', '2014-08-30 16:40:11'),
(282, 91, 34, '2014-08-30 17:06:04', '2014-08-30 17:12:13'),
(283, 91, 35, '2014-08-30 17:23:27', '2014-08-30 17:24:42'),
(284, 91, 36, '2014-08-30 17:30:24', '2014-08-30 17:32:54'),
(285, 92, 17, '2014-08-30 16:38:48', '2014-08-30 16:40:12'),
(286, 92, 18, '2014-08-30 16:48:50', '2014-08-30 16:50:51'),
(287, 92, 19, '2014-08-30 16:56:32', '2014-08-30 16:59:45'),
(288, 92, 20, '2014-08-30 17:04:35', '2014-08-30 17:10:03'),
(289, 93, 41, '2014-08-30 16:31:35', '2014-08-30 16:34:56'),
(290, 94, 17, '2014-08-30 16:33:49', '2014-08-30 16:34:30'),
(291, 94, 18, '2014-08-30 16:37:27', '2014-08-30 16:40:00'),
(292, 94, 19, '2014-08-30 16:44:42', '2014-08-30 16:46:32'),
(293, 94, 20, '2014-08-30 16:48:21', '2014-08-30 16:51:55'),
(294, 95, 48, '2014-08-30 16:30:05', '2014-08-30 16:30:18'),
(295, 96, 1, '2014-08-30 16:32:16', '2014-08-30 16:33:56'),
(296, 96, 2, '2014-08-30 16:35:05', '2014-08-30 16:37:26'),
(297, 96, 3, '2014-08-30 16:39:38', '2014-08-30 16:43:34'),
(298, 96, 4, '2014-08-30 16:46:03', '2014-08-30 16:49:58'),
(299, 97, 1, '2014-08-30 16:33:51', '2014-08-30 16:36:12'),
(300, 97, 2, '2014-08-30 16:39:23', '2014-08-30 16:41:40'),
(301, 97, 3, '2014-08-30 16:44:14', '2014-08-30 16:48:45'),
(302, 97, 4, '2014-08-30 16:50:00', '2014-08-30 16:55:10'),
(303, 98, 47, '2014-08-30 16:33:30', '2014-08-30 16:37:34'),
(304, 99, 50, '2014-08-30 16:34:03', '2014-08-30 16:39:12'),
(305, 100, 25, '2014-08-30 16:32:32', '2014-08-30 16:35:08'),
(306, 100, 26, '2014-08-30 16:37:31', '2014-08-30 16:38:33'),
(307, 100, 27, '2014-08-30 16:39:57', '2014-08-30 16:41:28'),
(308, 100, 28, '2014-08-30 16:42:11', '2014-08-30 16:45:30'),
(309, 101, 5, '2014-08-30 16:32:39', '2014-08-30 16:33:39'),
(310, 101, 6, '2014-08-30 16:35:44', '2014-08-30 16:36:40'),
(311, 101, 7, '2014-08-30 16:38:58', '2014-08-30 16:40:58'),
(312, 101, 8, '2014-08-30 16:41:43', '2014-08-30 16:44:54'),
(313, 102, 13, '2014-08-30 16:35:19', '2014-08-30 16:36:03'),
(314, 102, 14, '2014-08-30 16:40:21', '2014-08-30 16:43:41'),
(315, 102, 15, '2014-08-30 16:49:41', '2014-08-30 16:59:38'),
(316, 102, 16, '2014-08-30 17:01:18', '2014-08-30 17:08:01'),
(317, 103, 5, '2014-08-30 16:34:27', '2014-08-30 16:35:09'),
(318, 103, 6, '2014-08-30 16:38:40', '2014-08-30 16:42:17'),
(319, 103, 7, '2014-08-30 16:55:23', '2014-08-30 16:58:42'),
(320, 103, 8, '2014-08-30 17:08:07', '2014-08-30 17:15:22'),
(321, 104, 50, '2014-08-30 16:35:23', '2014-08-30 16:41:52'),
(322, 105, 33, '2014-08-30 16:33:54', '2014-08-30 16:34:49'),
(323, 105, 34, '2014-08-30 16:36:35', '2014-08-30 16:37:32'),
(324, 105, 35, '2014-08-30 16:39:09', '2014-08-30 16:40:20'),
(325, 105, 36, '2014-08-30 16:41:54', '2014-08-30 16:43:57'),
(326, 106, 46, '2014-08-30 16:36:15', '2014-08-30 16:45:03'),
(327, 107, 44, '2014-08-30 16:39:18', '2014-08-30 16:45:06'),
(328, 108, 49, '2014-08-30 16:35:57', '2014-08-30 16:42:32'),
(329, 109, 49, '2014-08-30 16:35:18', '2014-08-30 16:38:48'),
(330, 110, 46, '2014-08-30 16:37:25', '2014-08-30 16:44:05'),
(331, 111, 17, '2014-08-30 16:36:13', '2014-08-30 16:37:19'),
(332, 111, 18, '2014-08-30 16:42:40', '2014-08-30 16:44:40'),
(333, 111, 19, '2014-08-30 16:50:46', '2014-08-30 16:51:37'),
(334, 111, 20, '2014-08-30 16:55:02', '2014-08-30 16:58:24'),
(335, 112, 9, '2014-08-30 16:37:58', '2014-08-30 16:38:21'),
(336, 112, 10, '2014-08-30 16:41:35', '2014-08-30 16:42:15'),
(337, 112, 11, '2014-08-30 16:44:15', '2014-08-30 16:45:27'),
(338, 112, 12, '2014-08-30 16:48:40', '2014-08-30 16:56:55'),
(339, 113, 21, '2014-08-30 16:36:00', '2014-08-30 16:36:24'),
(340, 113, 22, '2014-08-30 16:39:18', '2014-08-30 16:40:22'),
(341, 113, 23, '2014-08-30 16:42:03', '2014-08-30 16:42:54'),
(342, 113, 24, '2014-08-30 16:44:32', '2014-08-30 16:45:29'),
(343, 114, 29, '2014-08-30 16:36:02', '2014-08-30 16:37:48'),
(344, 114, 30, '2014-08-30 16:39:58', '2014-08-30 16:41:28'),
(345, 114, 31, '2014-08-30 16:42:28', '2014-08-30 16:44:03'),
(346, 114, 32, '2014-08-30 16:44:47', '2014-08-30 16:48:31'),
(347, 115, 5, '2014-08-30 16:36:25', '2014-08-30 16:37:05'),
(348, 115, 6, '2014-08-30 16:39:32', '2014-08-30 16:41:00'),
(349, 115, 7, '2014-08-30 16:47:46', '2014-08-30 16:50:07'),
(350, 115, 8, '2014-08-30 16:51:36', '2014-08-30 16:54:31'),
(351, 116, 9, '2014-08-30 16:38:34', '2014-08-30 16:39:01'),
(352, 116, 10, '2014-08-30 16:42:34', '2014-08-30 16:44:06'),
(353, 116, 11, '2014-08-30 16:46:12', '2014-08-30 16:48:22'),
(354, 116, 12, '2014-08-30 16:50:15', '2014-08-30 16:52:21'),
(355, 117, 25, '2014-08-30 16:36:42', '2014-08-30 16:38:04'),
(356, 117, 26, '2014-08-30 16:45:35', '2014-08-30 16:47:00'),
(357, 117, 27, '2014-08-30 16:47:39', '2014-08-30 16:49:17'),
(358, 117, 28, '2014-08-30 16:50:11', '2014-08-30 16:55:01'),
(359, 118, 21, '2014-08-30 16:36:50', '2014-08-30 16:37:18'),
(360, 118, 22, '2014-08-30 16:39:29', '2014-08-30 16:40:47'),
(361, 118, 23, '2014-08-30 16:43:15', '2014-08-30 16:44:36'),
(362, 118, 24, '2014-08-30 16:46:25', '2014-08-30 16:47:16'),
(363, 119, 9, '2014-08-30 16:40:19', '2014-08-30 16:41:03'),
(364, 119, 10, '2014-08-30 16:44:19', '2014-08-30 16:46:06'),
(365, 119, 11, '2014-08-30 16:48:24', '2014-08-30 16:50:16'),
(366, 119, 12, '2014-08-30 16:52:22', '2014-08-30 16:54:26'),
(367, 120, 49, '2014-08-30 16:37:38', '2014-08-30 16:42:07'),
(368, 121, 9, '2014-08-30 16:46:52', '2014-08-30 16:47:18'),
(369, 121, 10, '2014-08-30 16:51:32', '2014-08-30 16:54:17'),
(370, 121, 11, '2014-08-30 16:59:39', '2014-08-30 17:02:39'),
(371, 121, 12, '2014-08-30 17:05:28', '2014-08-30 17:14:15'),
(372, 122, 1, '2014-08-30 16:39:38', '2014-08-30 16:41:42'),
(373, 122, 2, '2014-08-30 16:45:15', '2014-08-30 16:47:29'),
(374, 122, 3, '2014-08-30 16:48:51', '2014-08-30 16:52:42'),
(375, 122, 4, '2014-08-30 16:54:49', '2014-08-30 16:58:37'),
(376, 123, 46, '2014-08-30 16:38:16', '2014-08-30 16:48:51'),
(377, 124, 17, '2014-08-30 16:36:51', '2014-08-30 16:38:25'),
(378, 124, 18, '2014-08-30 16:47:38', '2014-08-30 16:54:07'),
(379, 124, 19, '2014-08-30 16:57:24', '2014-08-30 16:59:19'),
(380, 124, 20, '2014-08-30 17:02:15', '2014-08-30 17:06:02'),
(381, 125, 49, '2014-08-30 16:38:08', '2014-08-30 16:41:59'),
(382, 126, 13, '2014-08-30 16:40:31', '2014-08-30 16:42:09'),
(383, 126, 14, '2014-08-30 16:49:47', '2014-08-30 16:51:26'),
(384, 126, 15, '2014-08-30 16:53:15', '2014-08-30 16:56:36'),
(385, 126, 16, '2014-08-30 16:57:46', '2014-08-30 17:01:11'),
(386, 127, 45, '2014-08-30 16:52:44', '2014-08-30 16:56:32'),
(387, 128, 17, '2014-08-30 16:39:24', '2014-08-30 16:40:46'),
(388, 128, 18, '2014-08-30 16:44:36', '2014-08-30 16:45:40'),
(389, 128, 19, '2014-08-30 16:47:41', '2014-08-30 16:49:27'),
(390, 128, 20, '2014-08-30 16:52:37', '2014-08-30 16:55:55'),
(391, 129, 49, '2014-08-30 16:43:20', '2014-08-30 16:50:41'),
(392, 130, 49, '2014-08-30 16:44:40', '2014-08-30 16:47:30'),
(393, 131, 25, '2014-08-30 16:43:15', '2014-08-30 16:44:31'),
(394, 131, 26, '2014-08-30 16:47:00', '2014-08-30 16:48:05'),
(395, 131, 27, '2014-08-30 16:49:04', '2014-08-30 16:52:14'),
(396, 131, 28, '2014-08-30 16:53:02', '2014-08-30 16:55:36'),
(397, 132, 50, '2014-08-30 16:44:22', '2014-08-30 16:49:51'),
(398, 133, 42, '2014-08-30 16:43:38', '2014-08-30 16:49:04'),
(399, 134, 41, '2014-08-30 16:44:50', '2014-08-30 16:51:14'),
(400, 135, 45, '2014-08-30 16:42:43', '2014-08-30 16:50:29'),
(401, 136, 46, '2014-08-30 16:51:35', '2014-08-30 16:52:30'),
(402, 137, 21, '2014-08-30 16:49:02', '2014-08-30 16:50:15'),
(403, 137, 22, '2014-08-30 16:54:04', '2014-08-30 16:54:53'),
(404, 137, 23, '2014-08-30 17:06:15', '2014-08-30 17:11:01'),
(405, 137, 24, '2014-08-30 17:29:07', '2014-08-30 17:30:11'),
(406, 138, 43, '2014-08-30 16:46:00', '2014-08-30 16:46:05'),
(407, 139, 37, '2014-08-30 16:47:17', '2014-08-30 16:47:55'),
(408, 139, 38, '2014-08-30 16:50:18', '2014-08-30 16:51:51'),
(409, 139, 39, '2014-08-30 16:52:34', '2014-08-30 16:54:28'),
(410, 139, 40, '2014-08-30 16:55:13', '2014-08-30 16:58:21'),
(411, 140, 5, '2014-08-30 16:50:00', '2014-08-30 16:50:38'),
(412, 140, 6, '2014-08-30 16:57:23', '2014-08-30 16:58:06'),
(413, 140, 7, NULL, NULL),
(414, 140, 8, NULL, NULL),
(415, 141, 13, '2014-08-30 16:45:58', '2014-08-30 16:46:37'),
(416, 141, 14, '2014-08-30 16:49:56', '2014-08-30 16:51:59'),
(417, 141, 15, '2014-08-30 16:53:56', '2014-08-30 16:56:19'),
(418, 141, 16, '2014-08-30 16:59:40', '2014-08-30 17:02:18'),
(419, 142, 41, '2014-08-30 16:46:04', '2014-08-30 16:49:28'),
(420, 143, 13, '2014-08-30 16:46:26', '2014-08-30 16:47:06'),
(421, 143, 14, '2014-08-30 16:53:00', '2014-08-30 16:55:55'),
(422, 143, 15, '2014-08-30 17:01:11', '2014-08-30 17:04:36'),
(423, 143, 16, '2014-08-30 17:05:29', '2014-08-30 17:09:01'),
(424, 144, 33, '2014-08-30 16:51:12', '2014-08-30 16:52:52'),
(425, 144, 34, '2014-08-30 16:59:47', '2014-08-30 17:01:06'),
(426, 144, 35, '2014-08-30 17:03:56', '2014-08-30 17:05:33'),
(427, 144, 36, '2014-08-30 17:06:12', '2014-08-30 17:10:59'),
(428, 145, 43, '2014-08-30 16:49:45', '2014-08-30 16:55:45'),
(429, 146, 47, '2014-08-30 16:49:54', '2014-08-30 16:55:49'),
(430, 147, 42, '2014-08-30 16:45:41', '2014-08-30 16:49:54'),
(431, 148, 44, '2014-08-30 16:46:07', '2014-08-30 16:48:16'),
(432, 149, 44, '2014-08-30 16:46:54', '2014-08-30 16:49:31'),
(433, 150, 41, '2014-08-30 16:46:55', '2014-08-30 16:50:45'),
(434, 151, 47, '2014-08-30 16:48:33', '2014-08-30 16:52:12'),
(435, 152, 48, '2014-08-30 16:47:43', '2014-08-30 16:49:10'),
(436, 153, 43, '2014-08-30 16:56:24', '2014-08-30 17:03:28'),
(437, 154, 44, '2014-08-30 16:48:45', '2014-08-30 16:54:23'),
(438, 155, 42, '2014-08-30 16:48:50', '2014-08-30 16:54:42'),
(439, 156, 44, '2014-08-30 16:48:47', '2014-08-30 16:50:26'),
(440, 157, 48, '2014-08-30 16:50:06', '2014-08-30 16:51:09'),
(441, 158, 1, '2014-08-30 16:49:37', '2014-08-30 16:51:14'),
(442, 158, 2, '2014-08-30 16:52:35', '2014-08-30 16:54:14'),
(443, 158, 3, '2014-08-30 16:55:12', '2014-08-30 16:57:37'),
(444, 158, 4, '2014-08-30 16:59:25', '2014-08-30 17:04:09'),
(445, 159, 9, '2014-08-30 16:53:50', '2014-08-30 16:55:20'),
(446, 159, 10, '2014-08-30 16:58:10', '2014-08-30 16:59:46'),
(447, 159, 11, '2014-08-30 17:02:26', '2014-08-30 17:08:49'),
(448, 159, 12, '2014-08-30 17:11:05', '2014-08-30 17:13:22'),
(449, 160, 46, '2014-08-30 16:51:04', '2014-08-30 16:56:21'),
(450, 161, 50, '2014-08-30 16:52:06', '2014-08-30 16:56:15'),
(451, 162, 42, '2014-08-30 16:52:26', '2014-08-30 17:04:07'),
(452, 163, 1, '2014-08-30 16:56:06', '2014-08-30 16:58:17'),
(453, 163, 2, '2014-08-30 17:00:04', '2014-08-30 17:01:58'),
(454, 163, 3, '2014-08-30 17:03:01', '2014-08-30 17:07:12'),
(455, 163, 4, '2014-08-30 17:09:08', '2014-08-30 17:11:58'),
(456, 164, 47, '2014-08-30 17:16:14', '2014-08-30 17:20:13'),
(457, 165, 41, '2014-08-30 16:52:10', '2014-08-30 16:56:19'),
(458, 166, 37, '2014-08-30 16:53:31', '2014-08-30 16:56:40'),
(459, 166, 38, '2014-08-30 16:57:39', '2014-08-30 16:59:20'),
(460, 166, 39, '2014-08-30 17:00:18', '2014-08-30 17:02:05'),
(461, 166, 40, '2014-08-30 17:02:38', '2014-08-30 17:04:48'),
(462, 167, 33, '2014-08-30 16:52:02', '2014-08-30 16:52:31'),
(463, 167, 34, '2014-08-30 16:54:10', '2014-08-30 16:54:51'),
(464, 167, 35, '2014-08-30 16:56:39', '2014-08-30 16:57:36'),
(465, 167, 36, '2014-08-30 16:58:05', '2014-08-30 17:00:35'),
(466, 168, 42, '2014-08-30 17:18:45', '2014-08-30 17:18:49'),
(467, 169, 29, '2014-08-30 16:55:28', '2014-08-30 16:57:07'),
(468, 169, 30, '2014-08-30 17:14:51', '2014-08-30 17:17:11'),
(469, 169, 31, NULL, NULL),
(470, 169, 32, NULL, NULL),
(471, 170, 49, '2014-08-30 16:52:28', '2014-08-30 16:58:48'),
(472, 171, 13, '2014-08-30 16:58:36', '2014-08-30 16:59:03'),
(473, 171, 14, '2014-08-30 17:12:24', '2014-08-30 17:14:28'),
(474, 171, 15, '2014-08-30 17:16:36', '2014-08-30 17:20:34'),
(475, 171, 16, '2014-08-30 17:24:50', '2014-08-30 17:27:00'),
(476, 172, 48, '2014-08-30 16:57:27', '2014-08-30 17:02:34'),
(477, 173, 43, '2014-08-30 16:59:11', '2014-08-30 17:03:19'),
(478, 174, 25, '2014-08-30 17:06:27', '2014-08-30 17:07:27'),
(479, 174, 26, '2014-08-30 17:34:36', '2014-08-30 17:36:31'),
(480, 174, 27, NULL, NULL),
(481, 174, 28, NULL, NULL),
(482, 175, 17, '2014-08-30 16:53:23', '2014-08-30 16:55:07'),
(483, 175, 18, '2014-08-30 16:57:56', '2014-08-30 17:12:58'),
(484, 175, 19, '2014-08-30 17:16:54', '2014-08-30 17:18:33'),
(485, 175, 20, '2014-08-30 17:20:50', '2014-08-30 17:23:40'),
(486, 176, 49, '2014-08-30 16:53:39', '2014-08-30 16:57:38'),
(487, 177, 44, '2014-08-30 16:55:44', '2014-08-30 16:57:19'),
(488, 178, 50, '2014-08-30 16:53:52', '2014-08-30 16:56:07'),
(489, 179, 45, '2014-08-30 16:53:41', '2014-08-30 17:08:10'),
(490, 180, 37, '2014-08-30 17:02:50', '2014-08-30 17:03:23'),
(491, 180, 38, '2014-08-30 17:04:47', '2014-08-30 17:07:27'),
(492, 180, 39, '2014-08-30 17:08:22', '2014-08-30 17:09:54'),
(493, 180, 40, '2014-08-30 17:10:20', '2014-08-30 17:13:03'),
(494, 181, 37, '2014-08-30 16:55:45', '2014-08-30 16:56:23'),
(495, 181, 38, '2014-08-30 16:57:16', '2014-08-30 16:58:59'),
(496, 181, 39, '2014-08-30 16:59:45', '2014-08-30 17:01:48'),
(497, 181, 40, '2014-08-30 17:02:25', '2014-08-30 17:05:14'),
(498, 182, 9, '2014-08-30 16:55:10', '2014-08-30 16:55:51'),
(499, 182, 10, '2014-08-30 16:57:36', '2014-08-30 16:58:06'),
(500, 182, 11, '2014-08-30 17:00:15', '2014-08-30 17:01:44'),
(501, 182, 12, '2014-08-30 17:05:17', '2014-08-30 17:06:45'),
(502, 183, 50, '2014-08-30 16:58:11', '2014-08-30 17:03:38'),
(503, 184, 1, '2014-08-30 16:54:34', '2014-08-30 16:56:12'),
(504, 184, 2, '2014-08-30 16:58:56', '2014-08-30 17:01:02'),
(505, 184, 3, '2014-08-30 17:02:07', '2014-08-30 17:04:23'),
(506, 184, 4, '2014-08-30 17:05:26', '2014-08-30 17:08:32'),
(507, 185, 29, '2014-08-30 16:55:46', '2014-08-30 16:57:12'),
(508, 185, 30, '2014-08-30 16:58:07', '2014-08-30 16:59:30'),
(509, 185, 31, '2014-08-30 17:00:10', '2014-08-30 17:01:57'),
(510, 185, 32, '2014-08-30 17:03:07', '2014-08-30 17:05:50'),
(511, 186, 49, '2014-08-30 16:55:25', '2014-08-30 16:59:13'),
(512, 187, 44, '2014-08-30 16:56:29', '2014-08-30 16:58:09'),
(513, 188, 48, '2014-08-30 16:57:57', '2014-08-30 16:59:02'),
(514, 189, 47, '2014-08-30 17:02:19', '2014-08-30 17:10:07'),
(515, 190, 33, '2014-08-30 16:57:46', '2014-08-30 17:00:50'),
(516, 190, 34, '2014-08-30 17:02:32', '2014-08-30 17:03:13'),
(517, 190, 35, '2014-08-30 17:04:54', '2014-08-30 17:05:43'),
(518, 190, 36, '2014-08-30 17:06:10', '2014-08-30 17:08:09'),
(519, 191, 21, '2014-08-30 16:58:51', '2014-08-30 17:03:15'),
(520, 191, 22, '2014-08-30 17:06:14', '2014-08-30 17:07:39'),
(521, 191, 23, '2014-08-30 17:11:38', '2014-08-30 17:13:27'),
(522, 191, 24, '2014-08-30 17:15:50', '2014-08-30 17:18:28'),
(523, 192, 1, '2014-08-30 16:59:43', '2014-08-30 17:00:59'),
(524, 192, 2, '2014-08-30 17:03:30', '2014-08-30 17:05:34'),
(525, 192, 3, '2014-08-30 17:07:59', '2014-08-30 17:12:00'),
(526, 192, 4, '2014-08-30 17:13:37', '2014-08-30 17:17:40'),
(527, 193, 43, '2014-08-30 17:02:05', '2014-08-30 17:05:04'),
(528, 194, 45, '2014-08-30 17:03:33', '2014-08-30 17:03:39'),
(529, 195, 45, '2014-08-30 17:01:44', '2014-08-30 17:10:06'),
(530, 196, 49, '2014-08-30 16:57:45', '2014-08-30 17:00:57'),
(531, 197, 50, '2014-08-30 16:59:01', '2014-08-30 17:01:56'),
(532, 198, 46, '2014-08-30 16:59:08', '2014-08-30 17:04:52'),
(533, 199, 42, '2014-08-30 17:11:44', '2014-08-30 17:20:05'),
(534, 200, 46, '2014-08-30 16:58:30', '2014-08-30 17:01:40'),
(535, 201, 48, '2014-08-30 17:00:41', '2014-08-30 17:00:45'),
(536, 202, 47, '2014-08-30 17:00:20', '2014-08-30 17:02:59'),
(537, 203, 47, '2014-08-30 17:01:59', '2014-08-30 17:07:19'),
(538, 204, 50, '2014-08-30 17:03:14', '2014-08-30 17:08:46'),
(539, 205, 48, '2014-08-30 17:11:12', '2014-08-30 17:21:08'),
(540, 206, 47, '2014-08-30 17:02:42', '2014-08-30 17:07:29'),
(541, 207, 44, '2014-08-30 17:21:26', '2014-08-30 17:21:35'),
(542, 208, 46, '2014-08-30 16:59:50', '2014-08-30 17:15:44'),
(543, 209, 41, '2014-08-30 17:00:13', '2014-08-30 17:02:52'),
(544, 210, 45, '2014-08-30 17:00:15', '2014-08-30 17:00:22'),
(545, 211, 21, '2014-08-30 17:00:41', '2014-08-30 17:00:57'),
(546, 211, 22, '2014-08-30 17:03:25', '2014-08-30 17:03:56'),
(547, 211, 23, '2014-08-30 17:07:39', '2014-08-30 17:08:26'),
(548, 211, 24, '2014-08-30 17:10:01', '2014-08-30 17:12:25'),
(549, 212, 25, '2014-08-30 17:05:28', '2014-08-30 17:07:21'),
(550, 212, 26, '2014-08-30 17:09:26', '2014-08-30 17:10:55'),
(551, 212, 27, '2014-08-30 17:12:05', '2014-08-30 17:15:29'),
(552, 212, 28, '2014-08-30 17:17:09', '2014-08-30 17:20:00'),
(553, 213, 21, '2014-08-30 17:02:13', '2014-08-30 17:02:36'),
(554, 213, 22, '2014-08-30 17:05:45', '2014-08-30 17:07:45'),
(555, 213, 23, '2014-08-30 17:09:29', '2014-08-30 17:12:06'),
(556, 213, 24, '2014-08-30 17:14:13', '2014-08-30 17:17:21'),
(557, 214, 42, '2014-08-30 17:15:08', '2014-08-30 17:19:46'),
(558, 215, 25, '2014-08-30 17:00:48', '2014-08-30 17:01:33'),
(559, 215, 26, '2014-08-30 17:03:21', '2014-08-30 17:04:04'),
(560, 215, 27, '2014-08-30 17:05:25', '2014-08-30 17:07:32'),
(561, 215, 28, '2014-08-30 17:08:06', '2014-08-30 17:09:48'),
(562, 216, 5, '2014-08-30 17:01:46', '2014-08-30 17:02:28'),
(563, 216, 6, '2014-08-30 17:08:22', '2014-08-30 17:14:24'),
(564, 216, 7, '2014-08-30 17:19:00', '2014-08-30 17:24:37'),
(565, 216, 8, '2014-08-30 17:27:11', '2014-08-30 17:33:02'),
(566, 217, 42, NULL, NULL),
(567, 218, 37, '2014-08-30 17:34:42', '2014-08-30 17:35:21'),
(568, 218, 38, NULL, NULL),
(569, 218, 39, NULL, NULL),
(570, 218, 40, NULL, NULL),
(571, 219, 44, '2014-08-30 17:01:58', '2014-08-30 17:03:24'),
(572, 220, 42, '2014-08-30 17:07:46', '2014-08-30 17:39:49'),
(573, 221, 49, '2014-08-30 17:02:17', '2014-08-30 17:06:59'),
(574, 222, 17, '2014-08-30 17:03:21', '2014-08-30 17:04:43'),
(575, 222, 18, '2014-08-30 17:07:27', '2014-08-30 17:09:05'),
(576, 222, 19, '2014-08-30 17:12:19', '2014-08-30 17:14:47'),
(577, 222, 20, '2014-08-30 17:17:01', '2014-08-30 17:21:34'),
(578, 223, 25, '2014-08-30 17:03:18', '2014-08-30 17:03:48'),
(579, 223, 26, '2014-08-30 17:05:56', '2014-08-30 17:06:50'),
(580, 223, 27, '2014-08-30 17:07:32', '2014-08-30 17:09:08'),
(581, 223, 28, '2014-08-30 17:10:45', '2014-08-30 17:13:03'),
(582, 224, 25, '2014-08-30 17:03:25', '2014-08-30 17:04:56'),
(583, 224, 26, '2014-08-30 17:06:51', '2014-08-30 17:08:17'),
(584, 224, 27, '2014-08-30 17:09:39', '2014-08-30 17:12:52'),
(585, 224, 28, '2014-08-30 17:14:13', '2014-08-30 17:17:37'),
(586, 225, 43, '2014-08-30 17:05:30', '2014-08-30 17:09:57'),
(587, 226, 48, '2014-08-30 17:05:32', '2014-08-30 17:06:33'),
(588, 227, 45, '2014-08-30 17:03:56', '2014-08-30 17:09:12'),
(589, 228, 46, '2014-08-30 17:04:27', '2014-08-30 17:07:41'),
(590, 229, 29, '2014-08-30 17:09:32', '2014-08-30 17:10:59'),
(591, 229, 30, '2014-08-30 17:12:56', '2014-08-30 17:14:50'),
(592, 229, 31, '2014-08-30 17:15:40', '2014-08-30 17:17:28'),
(593, 229, 32, '2014-08-30 17:18:00', '2014-08-30 17:19:43'),
(594, 230, 9, '2014-08-30 17:09:44', '2014-08-30 17:10:18'),
(595, 230, 10, '2014-08-30 17:18:47', '2014-08-30 17:20:04'),
(596, 230, 11, '2014-08-30 17:22:07', '2014-08-30 17:28:21'),
(597, 230, 12, '2014-08-30 17:29:59', '2014-08-30 17:31:58'),
(598, 231, 13, '2014-08-30 17:07:10', '2014-08-30 17:07:49'),
(599, 231, 14, '2014-08-30 17:11:35', '2014-08-30 17:14:01'),
(600, 231, 15, '2014-08-30 17:16:24', '2014-08-30 17:19:10'),
(601, 231, 16, '2014-08-30 17:20:25', '2014-08-30 17:22:56'),
(602, 232, 33, '2014-08-30 17:05:47', '2014-08-30 17:06:26'),
(603, 232, 34, '2014-08-30 17:08:18', '2014-08-30 17:09:18'),
(604, 232, 35, '2014-08-30 17:10:47', '2014-08-30 17:12:41'),
(605, 232, 36, '2014-08-30 17:13:26', '2014-08-30 17:15:55'),
(606, 233, 41, '2014-08-30 17:07:50', '2014-08-30 17:13:16'),
(607, 234, 33, '2014-08-30 17:06:41', '2014-08-30 17:07:21'),
(608, 234, 34, '2014-08-30 17:09:41', '2014-08-30 17:11:24'),
(609, 234, 35, '2014-08-30 17:12:58', '2014-08-30 17:14:38'),
(610, 234, 36, '2014-08-30 17:15:31', '2014-08-30 17:18:07'),
(611, 235, 50, '2014-08-30 17:07:02', '2014-08-30 17:09:53'),
(612, 236, 9, '2014-08-30 17:13:24', '2014-08-30 17:15:17'),
(613, 236, 10, '2014-08-30 17:18:27', '2014-08-30 17:19:45'),
(614, 236, 11, '2014-08-30 17:23:18', '2014-08-30 17:25:15'),
(615, 236, 12, '2014-08-30 17:28:01', '2014-08-30 17:30:13'),
(616, 237, 13, '2014-08-30 17:10:46', '2014-08-30 17:14:41'),
(617, 237, 14, '2014-08-30 17:19:53', '2014-08-30 17:24:41'),
(618, 237, 15, '2014-08-30 17:28:47', '2014-08-30 17:33:09'),
(619, 237, 16, '2014-08-30 17:35:10', '2014-08-30 17:40:03'),
(620, 238, 13, '2014-08-30 17:07:52', '2014-08-30 17:08:36'),
(621, 238, 14, '2014-08-30 17:14:21', '2014-08-30 17:17:33'),
(622, 238, 15, '2014-08-30 17:20:01', '2014-08-30 17:23:38'),
(623, 238, 16, '2014-08-30 17:27:51', '2014-08-30 17:31:40'),
(624, 239, 44, '2014-08-30 17:10:25', '2014-08-30 17:13:07'),
(625, 240, 41, '2014-08-30 17:09:20', '2014-08-30 17:15:01'),
(626, 241, 50, '2014-08-30 17:14:33', '2014-08-30 17:22:58'),
(627, 242, 44, '2014-08-30 17:14:11', '2014-08-30 17:14:25'),
(628, 243, 47, '2014-08-30 17:10:36', '2014-08-30 17:14:23'),
(629, 244, 46, '2014-08-30 17:08:26', '2014-08-30 17:18:57'),
(630, 245, 47, '2014-08-30 17:09:52', '2014-08-30 17:12:16'),
(631, 246, 43, '2014-08-30 17:15:47', '2014-08-30 17:23:59'),
(632, 247, 37, '2014-08-30 17:13:32', '2014-08-30 17:15:12'),
(633, 247, 38, '2014-08-30 17:16:41', '2014-08-30 17:24:07'),
(634, 247, 39, '2014-08-30 17:25:23', '2014-08-30 17:28:44'),
(635, 247, 40, '2014-08-30 17:29:22', '2014-08-30 17:32:58'),
(636, 248, 44, '2014-08-30 17:08:16', '2014-08-30 17:11:00'),
(637, 249, 44, '2014-08-30 17:09:10', '2014-08-30 17:13:31'),
(638, 250, 48, '2014-08-30 17:09:05', '2014-08-30 17:13:27'),
(639, 251, 47, '2014-08-30 17:11:09', '2014-08-30 17:14:42'),
(640, 252, 49, '2014-08-30 17:08:02', '2014-08-30 17:12:03'),
(641, 253, 29, '2014-08-30 17:10:01', '2014-08-30 17:11:25'),
(642, 253, 30, '2014-08-30 17:14:43', '2014-08-30 17:16:33'),
(643, 253, 31, '2014-08-30 17:18:00', '2014-08-30 17:20:28'),
(644, 253, 32, '2014-08-30 17:21:08', '2014-08-30 17:25:03'),
(645, 254, 29, '2014-08-30 17:14:31', '2014-08-30 17:16:12'),
(646, 254, 30, '2014-08-30 17:17:57', '2014-08-30 17:19:53'),
(647, 254, 31, '2014-08-30 17:21:32', '2014-08-30 17:23:48'),
(648, 254, 32, '2014-08-30 17:25:14', '2014-08-30 17:28:13'),
(649, 255, 42, '2014-08-30 17:18:30', '2014-08-30 17:25:08'),
(650, 256, 46, '2014-08-30 17:09:21', '2014-08-30 17:18:23'),
(651, 257, 5, '2014-08-30 17:09:28', '2014-08-30 17:11:39'),
(652, 257, 6, '2014-08-30 17:14:27', '2014-08-30 17:15:11'),
(653, 257, 7, '2014-08-30 17:17:21', '2014-08-30 17:19:12'),
(654, 257, 8, '2014-08-30 17:20:40', '2014-08-30 17:23:59'),
(655, 258, 46, '2014-08-30 17:09:32', '2014-08-30 17:17:10'),
(656, 259, 9, '2014-08-30 17:11:23', '2014-08-30 17:14:16'),
(657, 259, 10, '2014-08-30 17:17:16', '2014-08-30 17:18:25'),
(658, 259, 11, '2014-08-30 17:20:14', '2014-08-30 17:21:54'),
(659, 259, 12, '2014-08-30 17:24:16', '2014-08-30 17:25:19'),
(660, 260, 25, '2014-08-30 17:10:19', '2014-08-30 17:10:41'),
(661, 260, 26, '2014-08-30 17:12:32', '2014-08-30 17:13:08'),
(662, 260, 27, '2014-08-30 17:13:53', '2014-08-30 17:15:47'),
(663, 260, 28, '2014-08-30 17:17:20', '2014-08-30 17:19:28'),
(664, 261, 37, '2014-08-30 17:12:15', '2014-08-30 17:12:31'),
(665, 261, 38, '2014-08-30 17:13:42', '2014-08-30 17:15:26'),
(666, 261, 39, '2014-08-30 17:16:48', '2014-08-30 17:18:30'),
(667, 261, 40, '2014-08-30 17:21:20', '2014-08-30 17:23:18'),
(668, 262, 33, '2014-08-30 17:10:54', '2014-08-30 17:11:50'),
(669, 262, 34, '2014-08-30 17:16:54', '2014-08-30 17:18:10'),
(670, 262, 35, '2014-08-30 17:20:04', '2014-08-30 17:21:44'),
(671, 262, 36, '2014-08-30 17:23:01', '2014-08-30 17:25:35'),
(672, 263, 48, '2014-08-30 17:11:56', '2014-08-30 17:13:42'),
(673, 264, 48, '2014-08-30 17:12:43', '2014-08-30 17:13:53'),
(674, 265, 47, '2014-08-30 17:15:37', '2014-08-30 17:21:43'),
(675, 266, 50, '2014-08-30 17:15:10', '2014-08-30 17:15:22'),
(676, 267, 46, '2014-08-30 17:19:23', '2014-08-30 17:23:30'),
(677, 268, 21, '2014-08-30 17:12:38', '2014-08-30 17:13:11'),
(678, 268, 22, '2014-08-30 17:15:21', '2014-08-30 17:16:26'),
(679, 268, 23, '2014-08-30 17:18:53', '2014-08-30 17:20:04'),
(680, 268, 24, '2014-08-30 17:21:30', '2014-08-30 17:23:08'),
(681, 269, 45, '2014-08-30 17:22:50', '2014-08-30 17:29:57'),
(682, 270, 33, '2014-08-30 17:13:36', '2014-08-30 17:14:36'),
(683, 270, 34, '2014-08-30 17:17:11', '2014-08-30 17:18:43'),
(684, 270, 35, '2014-08-30 17:20:33', '2014-08-30 17:22:32'),
(685, 270, 36, '2014-08-30 17:23:20', '2014-08-30 17:26:46'),
(686, 271, 33, '2014-08-30 17:13:16', '2014-08-30 17:14:22'),
(687, 271, 34, '2014-08-30 17:16:01', '2014-08-30 17:17:19'),
(688, 271, 35, '2014-08-30 17:18:57', '2014-08-30 17:20:08'),
(689, 271, 36, '2014-08-30 17:20:40', '2014-08-30 17:22:38'),
(690, 272, 43, '2014-08-30 17:15:25', '2014-08-30 17:18:10'),
(691, 273, 43, '2014-08-30 17:16:33', '2014-08-30 17:20:08'),
(692, 274, 29, '2014-08-30 17:22:03', '2014-08-30 17:24:28'),
(693, 274, 30, '2014-08-30 17:32:18', '2014-08-30 17:34:10'),
(694, 274, 31, NULL, NULL),
(695, 274, 32, NULL, NULL),
(696, 275, 50, '2014-08-30 17:14:21', '2014-08-30 17:17:51'),
(697, 276, 41, '2014-08-30 17:14:31', '2014-08-30 17:17:56'),
(698, 277, 42, '2014-08-30 17:14:55', '2014-08-30 17:18:29'),
(699, 278, 13, '2014-08-30 17:20:54', '2014-08-30 17:21:26'),
(700, 278, 14, '2014-08-30 17:25:06', '2014-08-30 17:26:53'),
(701, 278, 15, '2014-08-30 17:28:28', '2014-08-30 17:30:49'),
(702, 278, 16, '2014-08-30 17:32:02', '2014-08-30 17:34:50'),
(703, 279, 45, '2014-08-30 17:15:01', '2014-08-30 17:20:19'),
(704, 280, 17, '2014-08-30 17:16:08', '2014-08-30 17:17:05'),
(705, 280, 18, '2014-08-30 17:19:30', '2014-08-30 17:21:10'),
(706, 280, 19, '2014-08-30 17:23:07', '2014-08-30 17:24:48'),
(707, 280, 20, '2014-08-30 17:27:21', '2014-08-30 17:31:34'),
(708, 281, 17, '2014-08-30 17:16:58', '2014-08-30 17:17:24'),
(709, 281, 18, '2014-08-30 17:20:40', '2014-08-30 17:21:48'),
(710, 281, 19, '2014-08-30 17:24:40', '2014-08-30 17:26:19'),
(711, 281, 20, '2014-08-30 17:29:01', '2014-08-30 17:30:55'),
(712, 282, 1, '2014-08-30 17:17:01', '2014-08-30 17:18:06'),
(713, 282, 2, '2014-08-30 17:22:11', '2014-08-30 17:23:36'),
(714, 282, 3, '2014-08-30 17:25:12', '2014-08-30 17:27:40'),
(715, 282, 4, '2014-08-30 17:28:30', '2014-08-30 17:31:03'),
(716, 283, 25, '2014-08-30 17:17:25', '2014-08-30 17:18:13'),
(717, 283, 26, '2014-08-30 17:24:15', '2014-08-30 17:25:11'),
(718, 283, 27, '2014-08-30 17:26:05', '2014-08-30 17:29:02'),
(719, 283, 28, '2014-08-30 17:35:09', '2014-08-30 17:38:19'),
(720, 284, 48, '2014-08-30 17:19:30', '2014-08-30 17:19:34'),
(721, 285, 41, '2014-08-30 17:19:02', '2014-08-30 17:22:53'),
(722, 286, 1, '2014-08-30 17:18:57', '2014-08-30 17:21:38'),
(723, 286, 2, '2014-08-30 17:27:44', '2014-08-30 17:29:44'),
(724, 286, 3, '2014-08-30 17:33:53', '2014-08-30 17:35:36'),
(725, 286, 4, '2014-08-30 17:37:16', '2014-08-30 17:39:10'),
(726, 287, 42, '2014-08-30 17:21:03', '2014-08-30 17:42:52'),
(727, 288, 5, '2014-08-30 17:18:33', '2014-08-30 17:20:30'),
(728, 288, 6, '2014-08-30 17:25:14', '2014-08-30 17:25:59'),
(729, 288, 7, '2014-08-30 17:29:05', '2014-08-30 17:32:26'),
(730, 288, 8, '2014-08-30 17:34:16', NULL),
(731, 289, 43, '2014-08-30 17:21:59', '2014-08-30 17:25:14'),
(732, 290, 44, '2014-08-30 17:19:48', '2014-08-30 17:22:30'),
(733, 291, 9, '2014-08-30 17:24:45', '2014-08-30 17:26:18'),
(734, 291, 10, '2014-08-30 17:32:03', '2014-08-30 17:34:00'),
(735, 291, 11, '2014-08-30 17:39:30', '2014-08-30 17:40:38'),
(736, 291, 12, '2014-08-30 17:42:10', '2014-08-30 17:43:00'),
(737, 292, 25, '2014-08-30 17:18:56', '2014-08-30 17:19:16'),
(738, 292, 26, '2014-08-30 17:21:35', '2014-08-30 17:22:14'),
(739, 292, 27, '2014-08-30 17:23:13', '2014-08-30 17:25:43'),
(740, 292, 28, '2014-08-30 17:27:02', '2014-08-30 17:30:40'),
(741, 293, 9, '2014-08-30 17:21:50', '2014-08-30 17:23:06'),
(742, 293, 10, '2014-08-30 17:25:23', '2014-08-30 17:28:21'),
(743, 293, 11, '2014-08-30 17:30:39', '2014-08-30 17:34:40'),
(744, 293, 12, '2014-08-30 17:36:10', '2014-08-30 17:39:33'),
(745, 294, 44, '2014-08-30 17:26:00', '2014-08-30 17:27:44'),
(746, 295, 48, '2014-08-30 17:24:38', '2014-08-30 17:25:54'),
(747, 296, 45, '2014-08-30 17:23:41', '2014-08-30 17:31:12'),
(748, 297, 46, '2014-08-30 17:31:29', '2014-08-30 17:35:07'),
(749, 298, 37, '2014-08-30 17:23:00', '2014-08-30 17:24:04'),
(750, 298, 38, '2014-08-30 17:26:15', '2014-08-30 17:28:18'),
(751, 298, 39, '2014-08-30 17:29:13', '2014-08-30 17:31:19'),
(752, 298, 40, '2014-08-30 17:32:04', '2014-08-30 17:35:50'),
(753, 299, 21, '2014-08-30 17:21:30', '2014-08-30 17:21:54'),
(754, 299, 22, '2014-08-30 17:24:08', '2014-08-30 17:25:00'),
(755, 299, 23, '2014-08-30 17:26:37', '2014-08-30 17:28:19'),
(756, 299, 24, '2014-08-30 17:30:03', '2014-08-30 17:31:23'),
(757, 300, 29, '2014-08-30 17:21:43', '2014-08-30 17:23:07'),
(758, 300, 30, '2014-08-30 17:24:16', '2014-08-30 17:26:11'),
(759, 300, 31, '2014-08-30 17:26:41', '2014-08-30 17:28:55'),
(760, 300, 32, '2014-08-30 17:29:27', '2014-08-30 17:31:34'),
(761, 301, 43, '2014-08-30 17:23:54', '2014-08-30 17:27:07'),
(762, 302, 37, '2014-08-30 17:23:31', '2014-08-30 17:24:15'),
(763, 302, 38, '2014-08-30 17:25:08', '2014-08-30 17:26:35'),
(764, 302, 39, '2014-08-30 17:27:14', '2014-08-30 17:28:47'),
(765, 302, 40, '2014-08-30 17:29:20', '2014-08-30 17:31:57'),
(766, 303, 29, '2014-08-30 17:23:22', '2014-08-30 17:24:47'),
(767, 303, 30, '2014-08-30 17:25:44', '2014-08-30 17:27:05'),
(768, 303, 31, '2014-08-30 17:27:40', '2014-08-30 17:29:23'),
(769, 303, 32, '2014-08-30 17:29:48', '2014-08-30 17:31:48'),
(770, 304, 49, '2014-08-30 17:22:31', '2014-08-30 17:25:32'),
(771, 305, 42, '2014-08-30 17:30:33', '2014-08-30 17:34:26'),
(772, 306, 21, NULL, NULL),
(773, 306, 22, NULL, NULL),
(774, 306, 23, NULL, NULL),
(775, 306, 24, NULL, NULL),
(776, 307, 47, '2014-08-30 17:25:33', '2014-08-30 17:30:29'),
(777, 308, 49, '2014-08-30 17:23:45', '2014-08-30 17:30:33'),
(778, 309, 50, '2014-08-30 17:24:20', '2014-08-30 17:27:23'),
(779, 310, 41, '2014-08-30 17:24:31', '2014-08-30 17:27:19'),
(780, 311, 47, '2014-08-30 17:26:11', '2014-08-30 17:29:42'),
(781, 312, 21, '2014-08-30 17:24:20', '2014-08-30 17:24:55'),
(782, 312, 22, '2014-08-30 17:26:44', '2014-08-30 17:27:41'),
(783, 312, 23, '2014-08-30 17:29:31', '2014-08-30 17:30:05'),
(784, 312, 24, '2014-08-30 17:31:38', '2014-08-30 17:33:14'),
(785, 313, 43, '2014-08-30 17:26:03', '2014-08-30 17:29:49'),
(786, 314, 33, '2014-08-30 17:24:22', '2014-08-30 17:24:55'),
(787, 314, 34, '2014-08-30 17:27:27', '2014-08-30 17:28:14'),
(788, 314, 35, '2014-08-30 17:30:14', '2014-08-30 17:31:54'),
(789, 314, 36, '2014-08-30 17:32:27', '2014-08-30 17:35:43'),
(790, 315, 13, '2014-08-30 17:25:32', '2014-08-30 17:25:56'),
(791, 315, 14, '2014-08-30 17:28:00', '2014-08-30 17:29:48'),
(792, 315, 15, '2014-08-30 17:30:38', '2014-08-30 17:32:39'),
(793, 315, 16, '2014-08-30 17:33:22', '2014-08-30 17:35:58'),
(794, 316, 21, '2014-08-30 17:26:14', '2014-08-30 17:26:50'),
(795, 316, 22, '2014-08-30 17:29:02', '2014-08-30 17:29:42'),
(796, 316, 23, '2014-08-30 17:33:57', '2014-08-30 17:35:03'),
(797, 316, 24, '2014-08-30 17:36:50', '2014-08-30 17:39:08'),
(798, 317, 42, '2014-08-30 17:25:46', '2014-08-30 17:30:36'),
(799, 318, 45, '2014-08-30 17:25:57', '2014-08-30 17:30:06'),
(800, 319, 46, '2014-08-30 17:27:15', '2014-08-30 17:33:57'),
(801, 320, 49, '2014-08-30 17:26:20', '2014-08-30 17:42:28'),
(802, 321, 50, '2014-08-30 17:29:45', '2014-08-30 17:38:00'),
(803, 322, 5, '2014-08-30 17:39:50', '2014-08-30 17:41:06'),
(804, 322, 6, '2014-08-30 17:42:55', '2014-08-30 17:43:33'),
(805, 322, 7, NULL, NULL),
(806, 322, 8, NULL, NULL),
(807, 323, 45, '2014-08-30 17:26:08', '2014-08-30 17:32:47'),
(808, 324, 48, '2014-08-30 17:28:53', '2014-08-30 17:34:56'),
(809, 325, 37, '2014-08-30 17:28:36', '2014-08-30 17:29:36'),
(810, 325, 38, '2014-08-30 17:31:21', '2014-08-30 17:34:26'),
(811, 325, 39, '2014-08-30 17:35:28', '2014-08-30 17:38:18'),
(812, 325, 40, '2014-08-30 17:38:44', '2014-08-30 17:41:25'),
(813, 326, 46, '2014-08-30 17:26:26', '2014-08-30 17:29:52'),
(814, 327, 46, '2014-08-30 17:27:25', '2014-08-30 17:30:16'),
(815, 328, 43, '2014-08-30 17:33:55', '2014-08-30 17:36:11'),
(816, 329, 43, '2014-08-30 17:31:59', '2014-08-30 17:35:30'),
(817, 330, 13, '2014-08-30 17:28:49', '2014-08-30 17:29:15'),
(818, 330, 14, '2014-08-30 17:32:42', '2014-08-30 17:34:24'),
(819, 330, 15, '2014-08-30 17:36:03', '2014-08-30 17:37:47'),
(820, 330, 16, '2014-08-30 17:38:32', '2014-08-30 17:40:35'),
(821, 331, 44, '2014-08-30 17:30:19', '2014-08-30 17:32:37'),
(822, 332, 48, '2014-08-30 17:28:41', '2014-08-30 17:30:02'),
(823, 333, 46, '2014-08-30 17:34:03', '2014-08-30 17:39:00'),
(824, 334, 43, '2014-08-30 17:30:35', '2014-08-30 17:31:09'),
(825, 335, 9, '2014-08-30 17:32:38', '2014-08-30 17:33:25'),
(826, 335, 10, '2014-08-30 17:37:26', '2014-08-30 17:38:23'),
(827, 335, 11, '2014-08-30 17:40:58', '2014-08-30 17:42:26'),
(828, 335, 12, NULL, NULL),
(829, 336, 29, '2014-08-30 17:29:59', '2014-08-30 17:32:30'),
(830, 336, 30, '2014-08-30 17:35:05', '2014-08-30 17:37:18'),
(831, 336, 31, '2014-08-30 17:38:27', '2014-08-30 17:40:53'),
(832, 336, 32, NULL, NULL),
(833, 337, 43, '2014-08-30 17:31:18', '2014-08-30 17:33:26'),
(834, 338, 17, '2014-08-30 17:29:30', '2014-08-30 17:29:55'),
(835, 338, 18, '2014-08-30 17:31:49', '2014-08-30 17:33:04'),
(836, 338, 19, '2014-08-30 17:35:03', '2014-08-30 17:35:49'),
(837, 338, 20, '2014-08-30 17:38:00', '2014-08-30 17:41:33'),
(838, 339, 1, '2014-08-30 17:31:14', '2014-08-30 17:33:21'),
(839, 339, 2, '2014-08-30 17:35:59', '2014-08-30 17:38:22'),
(840, 339, 3, '2014-08-30 17:39:38', '2014-08-30 17:41:48'),
(841, 339, 4, '2014-08-30 17:42:27', '2014-08-30 17:44:32'),
(842, 340, 21, '2014-08-30 17:33:02', '2014-08-30 17:33:31'),
(843, 340, 22, '2014-08-30 17:35:39', '2014-08-30 17:37:07'),
(844, 340, 23, NULL, NULL),
(845, 340, 24, NULL, NULL),
(846, 341, 45, '2014-08-30 17:32:52', '2014-08-30 17:38:55'),
(847, 342, 49, '2014-08-30 17:30:02', '2014-08-30 17:32:45'),
(848, 343, 50, '2014-08-30 17:31:00', '2014-08-30 17:33:53'),
(849, 344, 25, '2014-08-30 17:31:06', '2014-08-30 17:31:43'),
(850, 344, 26, '2014-08-30 17:34:44', '2014-08-30 17:36:17'),
(851, 344, 27, '2014-08-30 17:38:11', '2014-08-30 17:40:27'),
(852, 344, 28, '2014-08-30 17:41:04', '2014-08-30 17:43:44'),
(853, 345, 42, '2014-08-30 17:31:50', '2014-08-30 17:40:24'),
(854, 346, 46, '2014-08-30 17:31:47', '2014-08-30 17:40:30'),
(855, 347, 33, NULL, NULL),
(856, 347, 34, NULL, NULL),
(857, 347, 35, NULL, NULL);
INSERT INTO `RacerDelivery` (`racerDeliveryId`, `racerTaskFk`, `deliveryFk`, `pickupTime`, `dropoffTime`) VALUES
(858, 347, 36, NULL, NULL),
(859, 348, 41, '2014-08-30 17:32:07', '2014-08-30 17:32:16'),
(860, 349, 17, '2014-08-30 17:32:01', '2014-08-30 17:32:18'),
(861, 349, 18, '2014-08-30 17:34:14', '2014-08-30 17:34:50'),
(862, 349, 19, '2014-08-30 17:36:23', '2014-08-30 17:37:25'),
(863, 349, 20, '2014-08-30 17:40:08', '2014-08-30 17:42:03'),
(864, 350, 37, '2014-08-30 17:34:55', '2014-08-30 17:35:30'),
(865, 350, 38, '2014-08-30 17:36:40', '2014-08-30 17:38:37'),
(866, 350, 39, '2014-08-30 17:39:57', '2014-08-30 17:41:37'),
(867, 350, 40, '2014-08-30 17:42:07', '2014-08-30 17:43:56'),
(868, 351, 50, '2014-08-30 17:34:37', '2014-08-30 17:34:42'),
(869, 352, 21, '2014-08-30 17:33:19', '2014-08-30 17:33:43'),
(870, 352, 22, '2014-08-30 17:35:38', '2014-08-30 17:36:09'),
(871, 352, 23, '2014-08-30 17:37:38', '2014-08-30 17:38:23'),
(872, 352, 24, '2014-08-30 17:40:02', '2014-08-30 17:40:59'),
(873, 353, 44, '2014-08-30 17:35:23', '2014-08-30 17:37:35'),
(874, 354, 41, '2014-08-30 17:34:46', '2014-08-30 17:34:52'),
(875, 355, 33, '2014-08-30 17:33:24', '2014-08-30 17:34:22'),
(876, 355, 34, '2014-08-30 17:36:05', '2014-08-30 17:36:51'),
(877, 355, 35, '2014-08-30 17:38:21', '2014-08-30 17:39:30'),
(878, 355, 36, '2014-08-30 17:40:02', '2014-08-30 17:42:06'),
(879, 356, 43, '2014-08-30 17:36:34', '2014-08-30 17:40:52'),
(880, 357, 49, '2014-08-30 17:33:12', '2014-08-30 17:36:19'),
(881, 358, 42, '2014-08-30 17:34:38', '2014-08-30 17:37:45'),
(882, 359, 1, '2014-08-30 17:34:10', '2014-08-30 17:35:49'),
(883, 359, 2, '2014-08-30 17:36:49', '2014-08-30 17:38:25'),
(884, 359, 3, '2014-08-30 17:39:15', '2014-08-30 17:40:56'),
(885, 359, 4, '2014-08-30 17:41:38', '2014-08-30 17:43:38'),
(886, 360, 29, '2014-08-30 17:34:15', '2014-08-30 17:35:28'),
(887, 360, 30, '2014-08-30 17:36:14', '2014-08-30 17:37:30'),
(888, 360, 31, '2014-08-30 17:38:09', '2014-08-30 17:39:35'),
(889, 360, 32, '2014-08-30 17:40:04', '2014-08-30 17:41:45'),
(890, 361, 29, '2014-08-30 17:35:13', '2014-08-30 17:36:43'),
(891, 361, 30, '2014-08-30 17:38:20', '2014-08-30 17:40:27'),
(892, 361, 31, '2014-08-30 17:41:15', '2014-08-30 17:42:50'),
(893, 361, 32, '2014-08-30 17:43:05', '2014-08-30 17:44:45'),
(894, 362, 5, '2014-08-30 17:35:10', '2014-08-30 17:35:56'),
(895, 362, 6, '2014-08-30 17:39:01', '2014-08-30 17:40:00'),
(896, 362, 7, '2014-08-30 17:41:46', '2014-08-30 17:43:24'),
(897, 362, 8, '2014-08-30 17:43:57', NULL),
(898, 363, 48, '2014-08-30 17:38:44', '2014-08-30 17:39:57'),
(899, 364, 50, '2014-08-30 17:38:16', '2014-08-30 17:41:38'),
(900, 365, 41, '2014-08-30 17:38:42', '2014-08-30 17:41:42'),
(901, 366, 13, '2014-08-30 17:37:10', '2014-08-30 17:37:39'),
(902, 366, 14, '2014-08-30 17:39:47', '2014-08-30 17:41:59'),
(903, 366, 15, '2014-08-30 17:42:42', '2014-08-30 17:44:31'),
(904, 366, 16, NULL, NULL),
(905, 367, 41, '2014-08-30 17:37:09', '2014-08-30 17:39:45'),
(906, 368, 42, '2014-08-30 17:37:43', '2014-08-30 17:41:00'),
(907, 369, 47, '2014-08-30 17:41:50', '2014-08-30 17:44:17'),
(908, 370, 45, '2014-08-30 17:37:59', '2014-08-30 17:42:50'),
(909, 371, 48, '2014-08-30 17:39:17', '2014-08-30 17:41:35'),
(910, 372, 46, '2014-08-30 17:39:18', '2014-08-30 17:44:11'),
(911, 373, 48, '2014-08-30 17:39:43', '2014-08-30 17:41:32'),
(912, 374, 33, '2014-08-30 17:39:46', '2014-08-30 17:41:11'),
(913, 374, 34, NULL, NULL),
(914, 374, 35, NULL, NULL),
(915, 374, 36, NULL, NULL),
(916, 375, 49, '2014-08-30 17:39:37', '2014-08-30 17:42:36'),
(917, 376, 49, '2014-08-30 17:40:02', '2014-08-30 17:42:41'),
(918, 377, 50, '2014-08-30 17:40:43', '2014-08-30 17:43:35');

-- --------------------------------------------------------

--
-- Tabellenstruktur für Tabelle `RacerTask`
--

CREATE TABLE IF NOT EXISTS `RacerTask` (
`racerTaskId` int(11) NOT NULL,
  `racerFk` int(11) NOT NULL,
  `taskFk` int(11) NOT NULL,
  `price` int(11) NOT NULL,
  `startTime` datetime DEFAULT NULL,
  `endTime` datetime DEFAULT NULL
) ENGINE=MyISAM  DEFAULT CHARSET=utf8 AUTO_INCREMENT=378 ;

--
-- Daten für Tabelle `RacerTask`
--

INSERT INTO `RacerTask` (`racerTaskId`, `racerFk`, `taskFk`, `price`, `startTime`, `endTime`) VALUES
(1, 14, 1, 100, '2014-08-30 16:15:05', '2014-08-30 16:40:11'),
(2, 6, 2, 100, '2014-08-30 16:15:05', '2014-08-30 16:36:09'),
(3, 38, 3, 100, '2014-08-30 16:15:05', '2014-08-30 16:32:48'),
(4, 27, 4, 100, '2014-08-30 16:15:05', '2014-08-30 16:42:30'),
(5, 4, 5, 100, '2014-08-30 16:15:05', '2014-08-30 16:35:14'),
(6, 42, 1, 100, '2014-08-30 16:15:05', '2014-08-30 16:36:41'),
(7, 44, 2, 100, '2014-08-30 16:15:05', '2014-08-30 16:32:40'),
(8, 46, 3, 100, '2014-08-30 16:15:05', '2014-08-30 16:40:10'),
(9, 23, 4, 100, '2014-08-30 16:15:05', '2014-08-30 16:32:23'),
(10, 26, 5, 100, '2014-08-30 16:15:05', '2014-08-30 16:35:56'),
(11, 47, 1, 100, '2014-08-30 16:15:05', '2014-08-30 16:34:15'),
(12, 5, 2, 100, '2014-08-30 16:15:05', '2014-08-30 16:33:41'),
(13, 8, 3, 100, '2014-08-30 16:15:05', '2014-08-30 16:55:11'),
(14, 29, 4, 100, '2014-08-30 16:15:05', '2014-08-30 16:28:55'),
(15, 30, 5, 100, '2014-08-30 16:15:05', '2014-08-30 16:30:59'),
(16, 12, 1, 100, '2014-08-30 16:15:05', '2014-08-30 16:32:24'),
(17, 13, 2, 100, '2014-08-30 16:15:05', '2014-08-30 16:34:49'),
(18, 7, 3, 100, '2014-08-30 16:15:05', '2014-08-30 16:30:10'),
(19, 48, 3, 100, '2014-08-30 16:15:05', '2014-08-30 16:33:49'),
(20, 25, 4, 100, '2014-08-30 16:15:05', '2014-08-30 16:44:54'),
(21, 1, 21, 100, '2014-08-30 16:15:05', '2014-08-30 15:19:08'),
(22, 1, 22, 100, '2014-08-30 16:15:05', '2014-08-30 15:17:26'),
(23, 1, 24, 100, '2014-08-30 16:15:05', '2014-08-30 15:15:02'),
(24, 1, 23, 100, '2014-08-30 16:15:05', '2014-08-30 15:20:11'),
(25, 21, 5, 100, '2014-08-30 16:15:05', '2014-08-30 16:28:18'),
(26, 37, 2, 100, '2014-08-30 16:15:05', '2014-08-30 16:33:12'),
(27, 17, 3, 100, '2014-08-30 16:15:05', '2014-08-30 17:21:27'),
(28, 40, 1, 100, '2014-08-30 16:15:05', '2014-08-30 16:30:32'),
(29, 45, 1, 100, '2014-08-30 16:15:05', '2014-08-30 16:29:30'),
(30, 2, 21, 100, '2014-08-30 16:15:05', '2014-08-30 15:22:48'),
(31, 2, 22, 100, '2014-08-30 16:15:05', '2014-08-30 15:19:25'),
(32, 2, 24, 100, '2014-08-30 16:15:05', '2014-08-30 15:19:16'),
(33, 33, 3, 100, '2014-08-30 16:15:05', '2014-08-30 16:40:35'),
(34, 2, 23, 100, '2014-08-30 16:15:05', '2014-08-30 15:18:27'),
(35, 32, 2, 100, '2014-08-30 16:15:05', '2014-08-30 16:32:07'),
(36, 1, 22, 100, '2014-08-30 16:15:05', '2014-08-30 15:19:03'),
(37, 18, 4, 100, '2014-08-30 16:15:05', '2014-08-30 16:27:51'),
(38, 49, 5, 100, '2014-08-30 16:15:05', '2014-08-30 16:29:53'),
(39, 28, 1, 100, '2014-08-30 16:15:05', '2014-08-30 16:46:18'),
(40, 22, 2, 100, '2014-08-30 16:15:05', '2014-08-30 16:48:42'),
(41, 2, 22, 100, '2014-08-30 16:15:05', NULL),
(42, 33, 8, 100, '2014-08-30 16:17:49', '2014-08-30 16:32:53'),
(43, 7, 17, 102, '2014-08-30 16:18:01', '2014-08-30 16:24:22'),
(44, 38, 2, 103, '2014-08-30 16:18:22', '2014-08-30 16:47:00'),
(45, 38, 4, 105, '2014-08-30 16:18:27', '2014-08-30 16:54:11'),
(46, 38, 1, 107, '2014-08-30 16:18:31', '2014-08-30 16:54:43'),
(47, 42, 7, 103, '2014-08-30 16:18:34', '2014-08-30 16:33:15'),
(48, 46, 4, 72, '2014-08-30 16:18:44', '2014-08-30 16:47:54'),
(49, 48, 8, 72, '2014-08-30 16:18:50', '2014-08-30 16:43:29'),
(50, 46, 2, 74, '2014-08-30 16:18:51', '2014-08-30 16:46:43'),
(51, 48, 17, 75, '2014-08-30 16:18:55', '2014-08-30 16:27:40'),
(52, 46, 1, 76, '2014-08-30 16:18:57', '2014-08-30 16:48:37'),
(53, 5, 11, 116, '2014-08-30 16:18:58', '2014-08-30 16:25:45'),
(54, 26, 16, 116, '2014-08-30 16:19:04', '2014-08-30 16:24:11'),
(55, 12, 5, 117, '2014-08-30 16:19:05', '2014-08-30 16:34:08'),
(56, 25, 2, 74, '2014-08-30 16:19:06', '2014-08-30 16:50:01'),
(57, 25, 5, 85, '2014-08-30 16:19:17', '2014-08-30 16:53:43'),
(58, 4, 10, 128, '2014-08-30 16:19:17', '2014-08-30 16:47:44'),
(59, 4, 15, 132, '2014-08-30 16:19:22', '2014-08-30 16:30:52'),
(60, 13, 5, 85, '2014-08-30 16:19:23', '2014-08-30 16:38:01'),
(61, 47, 3, 128, '2014-08-30 16:19:29', '2014-08-30 16:41:34'),
(62, 14, 20, 132, '2014-08-30 16:19:32', '2014-08-30 16:26:29'),
(63, 14, 6, 143, '2014-08-30 16:19:41', '2014-08-30 16:35:58'),
(64, 6, 6, 98, '2014-08-30 16:19:55', '2014-08-30 16:38:18'),
(65, 22, 6, 98, '2014-08-30 16:19:57', '2014-08-30 16:51:40'),
(66, 23, 9, 146, '2014-08-30 16:19:59', '2014-08-30 16:33:09'),
(67, 28, 8, 67, '2014-08-30 16:20:21', '2014-08-30 16:49:00'),
(68, 8, 10, 105, '2014-08-30 16:21:14', '2014-08-30 17:04:17'),
(69, 17, 11, 108, '2014-08-30 16:21:48', '2014-08-30 16:26:38'),
(70, 27, 3, 107, '2014-08-30 16:21:52', '2014-08-30 16:50:39'),
(71, 32, 7, 107, '2014-08-30 16:21:59', '2014-08-30 16:46:10'),
(72, 27, 1, 73, '2014-08-30 16:22:02', '2014-08-30 16:49:26'),
(73, 27, 5, 49, '2014-08-30 16:22:06', '2014-08-30 16:46:30'),
(74, 27, 2, 47, '2014-08-30 16:22:10', '2014-08-30 16:53:26'),
(75, 26, 2, 31, '2014-08-30 16:22:40', '2014-08-30 16:41:45'),
(76, 5, 1, 52, '2014-08-30 16:23:15', '2014-08-30 16:45:50'),
(77, 7, 13, 173, '2014-08-30 16:25:21', '2014-08-30 16:33:05'),
(78, 30, 15, 122, '2014-08-30 16:25:41', '2014-08-30 16:32:10'),
(79, 6, 4, 80, '2014-08-30 16:25:42', '2014-08-30 16:49:06'),
(80, 28, 20, 126, '2014-08-30 16:25:58', '2014-08-30 16:34:14'),
(81, 49, 3, 85, '2014-08-30 16:25:59', '2014-08-30 16:54:41'),
(82, 28, 11, 88, '2014-08-30 16:26:02', '2014-08-30 16:40:55'),
(83, 49, 2, 24, '2014-08-30 16:26:11', '2014-08-30 17:11:33'),
(84, 18, 11, 61, '2014-08-30 16:27:11', '2014-08-30 16:32:03'),
(85, 37, 11, 41, '2014-08-30 16:27:40', '2014-08-30 16:34:46'),
(86, 22, 16, 136, '2014-08-30 16:28:03', '2014-08-30 16:40:19'),
(87, 22, 17, 93, '2014-08-30 16:28:10', '2014-08-30 16:47:27'),
(88, 22, 19, 198, '2014-08-30 16:28:19', '2014-08-30 16:48:38'),
(89, 22, 18, 203, '2014-08-30 16:28:23', '2014-08-30 16:42:41'),
(90, 22, 13, 145, '2014-08-30 16:28:27', '2014-08-30 16:45:00'),
(91, 17, 9, 139, '2014-08-30 16:28:34', '2014-08-30 17:32:54'),
(92, 22, 5, 49, '2014-08-30 16:28:34', '2014-08-30 17:10:03'),
(93, 47, 11, 33, '2014-08-30 16:28:48', '2014-08-30 16:34:56'),
(94, 5, 5, 34, '2014-08-30 16:28:50', '2014-08-30 16:51:55'),
(95, 21, 18, 149, '2014-08-30 16:29:06', '2014-08-30 16:30:18'),
(96, 18, 1, 55, '2014-08-30 16:31:06', '2014-08-30 16:49:58'),
(97, 26, 1, 37, '2014-08-30 16:31:25', '2014-08-30 16:55:10'),
(98, 17, 17, 79, '2014-08-30 16:31:31', '2014-08-30 16:37:34'),
(99, 26, 20, 115, '2014-08-30 16:31:33', '2014-08-30 16:39:12'),
(100, 30, 7, 120, '2014-08-30 16:31:43', '2014-08-30 16:45:30'),
(101, 29, 2, 22, '2014-08-30 16:31:51', '2014-08-30 16:44:54'),
(102, 14, 4, 86, '2014-08-30 16:33:04', '2014-08-30 17:08:01'),
(103, 14, 2, 15, '2014-08-30 16:33:20', '2014-08-30 17:15:22'),
(104, 5, 20, 83, '2014-08-30 16:33:20', '2014-08-30 16:41:52'),
(105, 40, 9, 117, '2014-08-30 16:33:20', '2014-08-30 16:43:57'),
(106, 25, 16, 127, '2014-08-30 16:34:08', '2014-08-30 16:45:03'),
(107, 33, 14, 243, '2014-08-30 16:34:12', '2014-08-30 16:45:06'),
(108, 33, 19, 179, '2014-08-30 16:34:17', '2014-08-30 16:42:32'),
(109, 13, 19, 171, '2014-08-30 16:34:18', '2014-08-30 16:38:48'),
(110, 33, 16, 94, '2014-08-30 16:34:24', '2014-08-30 16:44:05'),
(111, 33, 5, 35, '2014-08-30 16:34:40', '2014-08-30 16:58:24'),
(112, 23, 3, 106, '2014-08-30 16:35:04', '2014-08-30 16:56:55'),
(113, 21, 6, 105, '2014-08-30 16:35:07', '2014-08-30 16:45:29'),
(114, 23, 8, 106, '2014-08-30 16:35:10', '2014-08-30 16:48:31'),
(115, 12, 2, 14, '2014-08-30 16:35:36', '2014-08-30 16:54:31'),
(116, 12, 3, 76, '2014-08-30 16:35:43', '2014-08-30 16:52:21'),
(117, 7, 7, 110, '2014-08-30 16:35:55', '2014-08-30 16:55:01'),
(118, 42, 6, 76, '2014-08-30 16:35:56', '2014-08-30 16:47:16'),
(119, 32, 3, 54, '2014-08-30 16:36:21', '2014-08-30 16:54:26'),
(120, 4, 19, 98, '2014-08-30 16:36:31', '2014-08-30 16:42:07'),
(121, 26, 3, 54, '2014-08-30 16:36:32', '2014-08-30 17:14:15'),
(122, 44, 1, 40, '2014-08-30 16:36:34', '2014-08-30 16:58:37'),
(123, 26, 16, 79, '2014-08-30 16:36:42', '2014-08-30 16:48:51'),
(124, 44, 5, 29, '2014-08-30 16:36:42', '2014-08-30 17:06:02'),
(125, 18, 19, 71, '2014-08-30 16:36:59', '2014-08-30 16:41:59'),
(126, 37, 4, 89, '2014-08-30 16:37:14', '2014-08-30 17:01:11'),
(127, 37, 15, 169, '2014-08-30 16:37:35', '2014-08-30 16:56:32'),
(128, 48, 5, 22, '2014-08-30 16:38:28', '2014-08-30 16:55:55'),
(129, 47, 19, 52, '2014-08-30 16:38:31', '2014-08-30 16:50:41'),
(130, 48, 19, 52, '2014-08-30 16:38:39', '2014-08-30 16:47:30'),
(131, 47, 7, 89, '2014-08-30 16:39:06', '2014-08-30 16:55:36'),
(132, 26, 20, 95, '2014-08-30 16:41:20', '2014-08-30 16:49:51'),
(133, 18, 12, 306, '2014-08-30 16:41:26', '2014-08-30 16:49:04'),
(134, 4, 11, 56, '2014-08-30 16:41:39', '2014-08-30 16:51:14'),
(135, 13, 15, 121, '2014-08-30 16:41:42', '2014-08-30 16:50:29'),
(136, 13, 16, 72, '2014-08-30 16:41:47', '2014-08-30 16:52:30'),
(137, 17, 6, 76, '2014-08-30 16:42:19', '2014-08-30 17:30:11'),
(138, 42, 13, 190, '2014-08-30 16:42:50', '2014-08-30 16:46:05'),
(139, 6, 10, 203, '2014-08-30 16:43:29', '2014-08-30 16:58:21'),
(140, 30, 2, 16, '2014-08-30 16:43:59', NULL),
(141, 5, 4, 84, '2014-08-30 16:44:02', '2014-08-30 17:02:18'),
(142, 29, 11, 45, '2014-08-30 16:44:03', '2014-08-30 16:49:28'),
(143, 28, 4, 84, '2014-08-30 16:44:04', '2014-08-30 17:09:01'),
(144, 28, 9, 155, '2014-08-30 16:44:11', '2014-08-30 17:10:59'),
(145, 28, 13, 144, '2014-08-30 16:44:15', '2014-08-30 16:55:45'),
(146, 28, 17, 129, '2014-08-30 16:44:20', '2014-08-30 16:55:49'),
(147, 30, 12, 236, '2014-08-30 16:44:44', '2014-08-30 16:49:54'),
(148, 8, 14, 268, '2014-08-30 16:44:48', '2014-08-30 16:48:16'),
(149, 14, 14, 268, '2014-08-30 16:44:50', '2014-08-30 16:49:31'),
(150, 32, 11, 41, '2014-08-30 16:44:59', '2014-08-30 16:50:45'),
(151, 32, 17, 102, '2014-08-30 16:45:11', '2014-08-30 16:52:12'),
(152, 40, 18, 234, '2014-08-30 16:46:09', '2014-08-30 16:49:10'),
(153, 46, 13, 119, '2014-08-30 16:46:12', '2014-08-30 17:03:28'),
(154, 46, 14, 144, '2014-08-30 16:46:21', '2014-08-30 16:54:23'),
(155, 4, 12, 206, '2014-08-30 16:47:19', '2014-08-30 16:54:42'),
(156, 21, 14, 104, '2014-08-30 16:47:28', '2014-08-30 16:50:26'),
(157, 18, 18, 177, '2014-08-30 16:47:41', '2014-08-30 16:51:09'),
(158, 29, 1, 76, '2014-08-30 16:48:19', '2014-08-30 17:04:09'),
(159, 25, 3, 73, '2014-08-30 16:49:23', '2014-08-30 17:13:22'),
(160, 25, 16, 94, '2014-08-30 16:49:32', '2014-08-30 16:56:21'),
(161, 33, 20, 131, '2014-08-30 16:49:48', '2014-08-30 16:56:15'),
(162, 13, 12, 156, '2014-08-30 16:49:57', '2014-08-30 17:04:07'),
(163, 33, 1, 54, '2014-08-30 16:50:01', '2014-08-30 17:11:58'),
(164, 13, 17, 94, '2014-08-30 16:50:08', '2014-08-30 17:20:13'),
(165, 33, 11, 39, '2014-08-30 16:50:11', '2014-08-30 16:56:19'),
(166, 40, 10, 219, '2014-08-30 16:51:03', '2014-08-30 17:04:48'),
(167, 42, 9, 174, '2014-08-30 16:51:07', '2014-08-30 17:00:35'),
(168, 23, 12, 124, '2014-08-30 16:51:21', '2014-08-30 17:18:49'),
(169, 8, 8, 197, '2014-08-30 16:51:49', NULL),
(170, 48, 19, 82, '2014-08-30 16:51:56', '2014-08-30 16:58:48'),
(171, 17, 4, 88, '2014-08-30 16:52:09', '2014-08-30 17:27:00'),
(172, 26, 18, 156, '2014-08-30 16:52:24', '2014-08-30 17:02:34'),
(173, 14, 13, 129, '2014-08-30 16:52:25', '2014-08-30 17:03:19'),
(174, 17, 7, 157, '2014-08-30 16:52:28', NULL),
(175, 7, 5, 45, '2014-08-30 16:52:29', '2014-08-30 17:23:40'),
(176, 7, 19, 64, '2014-08-30 16:52:33', '2014-08-30 16:57:38'),
(177, 26, 14, 115, '2014-08-30 16:52:37', '2014-08-30 16:57:19'),
(178, 21, 20, 124, '2014-08-30 16:52:48', '2014-08-30 16:56:07'),
(179, 27, 15, 210, '2014-08-30 16:52:54', '2014-08-30 17:08:10'),
(180, 4, 10, 190, '2014-08-30 16:52:59', '2014-08-30 17:13:03'),
(181, 5, 10, 190, '2014-08-30 16:53:00', '2014-08-30 17:05:14'),
(182, 18, 3, 74, '2014-08-30 16:53:03', '2014-08-30 17:06:45'),
(183, 26, 20, 88, '2014-08-30 16:53:09', '2014-08-30 17:03:38'),
(184, 32, 1, 56, '2014-08-30 16:53:29', '2014-08-30 17:08:32'),
(185, 12, 8, 178, '2014-08-30 16:54:06', '2014-08-30 17:05:50'),
(186, 25, 19, 53, '2014-08-30 16:54:32', '2014-08-30 16:59:13'),
(187, 47, 14, 107, '2014-08-30 16:54:55', '2014-08-30 16:58:09'),
(188, 22, 18, 155, '2014-08-30 16:55:39', '2014-08-30 16:59:02'),
(189, 22, 17, 112, '2014-08-30 16:55:50', '2014-08-30 17:10:07'),
(190, 38, 9, 185, '2014-08-30 16:56:46', '2014-08-30 17:08:09'),
(191, 49, 6, 172, '2014-08-30 16:57:03', '2014-08-30 17:18:28'),
(192, 49, 1, 43, '2014-08-30 16:57:12', '2014-08-30 17:17:40'),
(193, 48, 13, 136, '2014-08-30 16:57:14', '2014-08-30 17:05:04'),
(194, 4, 15, 193, '2014-08-30 16:57:22', '2014-08-30 17:03:39'),
(195, 7, 15, 189, '2014-08-30 16:57:22', '2014-08-30 17:10:06'),
(196, 32, 19, 41, '2014-08-30 16:57:25', '2014-08-30 17:00:57'),
(197, 32, 20, 87, '2014-08-30 16:57:33', '2014-08-30 17:01:56'),
(198, 6, 16, 137, '2014-08-30 16:57:34', '2014-08-30 17:04:52'),
(199, 46, 12, 173, '2014-08-30 16:57:38', '2014-08-30 17:20:05'),
(200, 8, 16, 98, '2014-08-30 16:57:56', '2014-08-30 17:01:40'),
(201, 46, 18, 140, '2014-08-30 16:58:00', '2014-08-30 17:00:45'),
(202, 21, 17, 96, '2014-08-30 16:58:02', '2014-08-30 17:02:59'),
(203, 48, 17, 96, '2014-08-30 16:58:08', '2014-08-30 17:07:19'),
(204, 33, 20, 68, '2014-08-30 16:58:57', '2014-08-30 17:08:46'),
(205, 28, 18, 102, '2014-08-30 16:58:59', '2014-08-30 17:21:08'),
(206, 25, 17, 46, '2014-08-30 16:59:00', '2014-08-30 17:07:29'),
(207, 28, 14, 116, '2014-08-30 16:59:07', '2014-08-30 17:21:35'),
(208, 25, 16, 73, '2014-08-30 16:59:07', '2014-08-30 17:15:44'),
(209, 33, 11, 52, '2014-08-30 16:59:13', '2014-08-30 17:02:52'),
(210, 23, 15, 110, '2014-08-30 16:59:14', '2014-08-30 17:00:22'),
(211, 42, 6, 158, '2014-08-30 16:59:39', '2014-08-30 17:12:25'),
(212, 37, 7, 211, '2014-08-30 17:00:00', '2014-08-30 17:20:00'),
(213, 47, 6, 113, '2014-08-30 17:00:16', '2014-08-30 17:17:21'),
(214, 47, 12, 164, '2014-08-30 17:00:25', '2014-08-30 17:19:46'),
(215, 13, 7, 149, '2014-08-30 17:00:29', '2014-08-30 17:09:48'),
(216, 26, 2, 55, '2014-08-30 17:00:31', '2014-08-30 17:33:02'),
(217, 30, 12, 117, '2014-08-30 17:00:40', NULL),
(218, 17, 10, 198, '2014-08-30 17:00:52', NULL),
(219, 18, 14, 104, '2014-08-30 17:00:55', '2014-08-30 17:03:24'),
(220, 17, 12, 86, '2014-08-30 17:01:01', '2014-08-30 17:39:49'),
(221, 29, 19, 42, '2014-08-30 17:01:26', '2014-08-30 17:06:59'),
(222, 6, 5, 72, '2014-08-30 17:02:19', '2014-08-30 17:21:34'),
(223, 12, 7, 119, '2014-08-30 17:02:28', '2014-08-30 17:13:03'),
(224, 6, 7, 119, '2014-08-30 17:02:34', '2014-08-30 17:17:37'),
(225, 42, 13, 177, '2014-08-30 17:02:48', '2014-08-30 17:09:57'),
(226, 22, 18, 116, '2014-08-30 17:03:19', '2014-08-30 17:06:33'),
(227, 21, 15, 123, '2014-08-30 17:03:29', '2014-08-30 17:09:12'),
(228, 32, 16, 76, '2014-08-30 17:03:45', '2014-08-30 17:07:41'),
(229, 25, 8, 256, '2014-08-30 17:04:24', '2014-08-30 17:19:43'),
(230, 37, 3, 129, '2014-08-30 17:04:33', '2014-08-30 17:31:58'),
(231, 47, 4, 176, '2014-08-30 17:04:41', '2014-08-30 17:22:56'),
(232, 5, 9, 265, '2014-08-30 17:04:49', '2014-08-30 17:15:55'),
(233, 49, 11, 59, '2014-08-30 17:05:12', '2014-08-30 17:13:16'),
(234, 8, 9, 259, '2014-08-30 17:05:19', '2014-08-30 17:18:07'),
(235, 18, 20, 91, '2014-08-30 17:05:55', '2014-08-30 17:09:53'),
(236, 14, 3, 98, '2014-08-30 17:05:58', '2014-08-30 17:30:13'),
(237, 26, 4, 133, '2014-08-30 17:05:58', '2014-08-30 17:40:03'),
(238, 33, 4, 133, '2014-08-30 17:06:00', '2014-08-30 17:31:40'),
(239, 26, 14, 117, '2014-08-30 17:06:03', '2014-08-30 17:13:07'),
(240, 33, 11, 43, '2014-08-30 17:06:12', '2014-08-30 17:15:01'),
(241, 26, 20, 66, '2014-08-30 17:06:18', '2014-08-30 17:22:58'),
(242, 33, 14, 82, '2014-08-30 17:06:29', '2014-08-30 17:14:25'),
(243, 29, 17, 65, '2014-08-30 17:06:39', '2014-08-30 17:14:23'),
(244, 26, 16, 68, '2014-08-30 17:06:39', '2014-08-30 17:18:57'),
(245, 44, 17, 65, '2014-08-30 17:06:51', '2014-08-30 17:12:16'),
(246, 46, 13, 177, '2014-08-30 17:06:52', '2014-08-30 17:23:59'),
(247, 14, 10, 200, '2014-08-30 17:06:54', '2014-08-30 17:32:58'),
(248, 13, 14, 58, '2014-08-30 17:06:56', '2014-08-30 17:11:00'),
(249, 46, 14, 61, '2014-08-30 17:07:03', '2014-08-30 17:13:31'),
(250, 46, 18, 135, '2014-08-30 17:07:15', '2014-08-30 17:13:27'),
(251, 40, 17, 33, '2014-08-30 17:07:21', '2014-08-30 17:14:42'),
(252, 40, 19, 49, '2014-08-30 17:07:28', '2014-08-30 17:12:03'),
(253, 27, 8, 252, '2014-08-30 17:07:43', '2014-08-30 17:25:03'),
(254, 7, 8, 251, '2014-08-30 17:07:47', '2014-08-30 17:28:13'),
(255, 28, 12, 140, '2014-08-30 17:07:58', '2014-08-30 17:25:08'),
(256, 28, 16, 61, '2014-08-30 17:08:12', '2014-08-30 17:18:23'),
(257, 48, 2, 89, '2014-08-30 17:08:14', '2014-08-30 17:23:59'),
(258, 48, 16, 42, '2014-08-30 17:08:22', '2014-08-30 17:17:10'),
(259, 18, 3, 97, '2014-08-30 17:08:42', '2014-08-30 17:25:19'),
(260, 21, 7, 122, '2014-08-30 17:08:53', '2014-08-30 17:19:28'),
(261, 38, 10, 194, '2014-08-30 17:10:00', '2014-08-30 17:23:18'),
(262, 32, 9, 205, '2014-08-30 17:10:14', '2014-08-30 17:25:35'),
(263, 32, 18, 121, '2014-08-30 17:10:20', '2014-08-30 17:13:42'),
(264, 22, 18, 83, '2014-08-30 17:10:42', '2014-08-30 17:13:53'),
(265, 22, 17, 29, '2014-08-30 17:10:58', '2014-08-30 17:21:43'),
(266, 33, 20, 73, '2014-08-30 17:10:59', '2014-08-30 17:15:22'),
(267, 22, 16, 32, '2014-08-30 17:11:15', '2014-08-30 17:23:30'),
(268, 5, 6, 202, '2014-08-30 17:11:23', '2014-08-30 17:23:08'),
(269, 6, 15, 183, '2014-08-30 17:11:31', '2014-08-30 17:29:57'),
(270, 27, 9, 160, '2014-08-30 17:11:53', '2014-08-30 17:26:46'),
(271, 12, 9, 110, '2014-08-30 17:12:33', '2014-08-30 17:22:38'),
(272, 4, 13, 194, '2014-08-30 17:12:47', '2014-08-30 17:18:10'),
(273, 13, 13, 134, '2014-08-30 17:13:02', '2014-08-30 17:20:08'),
(274, 44, 8, 174, '2014-08-30 17:13:14', NULL),
(275, 13, 20, 61, '2014-08-30 17:13:30', '2014-08-30 17:17:51'),
(276, 13, 11, 62, '2014-08-30 17:13:35', '2014-08-30 17:17:56'),
(277, 18, 12, 149, '2014-08-30 17:14:04', '2014-08-30 17:18:29'),
(278, 42, 4, 134, '2014-08-30 17:14:16', '2014-08-30 17:34:50'),
(279, 42, 15, 157, '2014-08-30 17:14:21', '2014-08-30 17:20:19'),
(280, 29, 5, 146, '2014-08-30 17:15:28', '2014-08-30 17:31:34'),
(281, 32, 5, 100, '2014-08-30 17:15:57', '2014-08-30 17:30:55'),
(282, 4, 1, 147, '2014-08-30 17:16:05', '2014-08-30 17:31:03'),
(283, 28, 7, 137, '2014-08-30 17:16:30', '2014-08-30 17:38:19'),
(284, 49, 18, 91, '2014-08-30 17:16:30', '2014-08-30 17:19:34'),
(285, 40, 11, 49, '2014-08-30 17:16:31', '2014-08-30 17:22:53'),
(286, 6, 1, 101, '2014-08-30 17:16:35', '2014-08-30 17:39:10'),
(287, 40, 12, 123, '2014-08-30 17:16:46', '2014-08-30 17:42:52'),
(288, 28, 2, 113, '2014-08-30 17:16:47', NULL),
(289, 22, 13, 128, '2014-08-30 17:17:17', '2014-08-30 17:25:14'),
(290, 26, 14, 77, '2014-08-30 17:17:35', '2014-08-30 17:22:30'),
(291, 26, 3, 125, '2014-08-30 17:18:04', '2014-08-30 17:43:00'),
(292, 5, 7, 109, '2014-08-30 17:18:12', '2014-08-30 17:30:40'),
(293, 22, 3, 123, '2014-08-30 17:18:20', '2014-08-30 17:39:33'),
(294, 33, 14, 57, '2014-08-30 17:18:41', '2014-08-30 17:27:44'),
(295, 33, 18, 77, '2014-08-30 17:18:46', '2014-08-30 17:25:54'),
(296, 37, 15, 146, '2014-08-30 17:19:17', '2014-08-30 17:31:12'),
(297, 46, 16, 37, '2014-08-30 17:19:23', '2014-08-30 17:35:07'),
(298, 48, 10, 253, '2014-08-30 17:20:04', '2014-08-30 17:35:50'),
(299, 4, 6, 233, '2014-08-30 17:20:23', '2014-08-30 17:31:23'),
(300, 25, 8, 201, '2014-08-30 17:20:41', '2014-08-30 17:31:34'),
(301, 18, 13, 116, '2014-08-30 17:20:59', '2014-08-30 17:27:07'),
(302, 23, 10, 192, '2014-08-30 17:21:25', '2014-08-30 17:31:57'),
(303, 49, 8, 147, '2014-08-30 17:21:52', '2014-08-30 17:31:48'),
(304, 21, 19, 111, '2014-08-30 17:22:04', '2014-08-30 17:25:32'),
(305, 47, 12, 130, '2014-08-30 17:22:22', '2014-08-30 17:34:26'),
(306, 8, 6, 177, '2014-08-30 17:22:25', NULL),
(307, 22, 17, 48, '2014-08-30 17:22:43', '2014-08-30 17:30:29'),
(308, 33, 19, 80, '2014-08-30 17:23:03', '2014-08-30 17:30:33'),
(309, 13, 20, 84, '2014-08-30 17:23:12', '2014-08-30 17:27:23'),
(310, 13, 11, 55, '2014-08-30 17:23:22', '2014-08-30 17:27:19'),
(311, 13, 17, 33, '2014-08-30 17:23:29', '2014-08-30 17:29:42'),
(312, 25, 6, 133, '2014-08-30 17:23:32', '2014-08-30 17:33:14'),
(313, 13, 13, 98, '2014-08-30 17:23:35', '2014-08-30 17:29:49'),
(314, 42, 9, 193, '2014-08-30 17:23:55', '2014-08-30 17:35:43'),
(315, 12, 4, 178, '2014-08-30 17:24:39', '2014-08-30 17:35:58'),
(316, 7, 6, 97, '2014-08-30 17:24:49', '2014-08-30 17:39:08'),
(317, 5, 12, 111, '2014-08-30 17:25:12', '2014-08-30 17:30:36'),
(318, 21, 15, 157, '2014-08-30 17:25:14', '2014-08-30 17:30:06'),
(319, 26, 16, 38, '2014-08-30 17:25:14', '2014-08-30 17:33:57'),
(320, 44, 19, 64, '2014-08-30 17:25:19', '2014-08-30 17:42:28'),
(321, 26, 20, 70, '2014-08-30 17:25:24', '2014-08-30 17:38:00'),
(322, 40, 2, 142, '2014-08-30 17:25:29', NULL),
(323, 40, 15, 116, '2014-08-30 17:25:36', '2014-08-30 17:32:47'),
(324, 26, 18, 96, '2014-08-30 17:25:38', '2014-08-30 17:34:56'),
(325, 27, 10, 199, '2014-08-30 17:25:42', '2014-08-30 17:41:25'),
(326, 38, 16, 28, '2014-08-30 17:25:44', '2014-08-30 17:29:52'),
(327, 47, 16, 20, '2014-08-30 17:26:04', '2014-08-30 17:30:16'),
(328, 47, 13, 94, '2014-08-30 17:26:23', '2014-08-30 17:36:11'),
(329, 29, 13, 64, '2014-08-30 17:26:44', '2014-08-30 17:35:30'),
(330, 46, 4, 149, '2014-08-30 17:26:53', '2014-08-30 17:40:35'),
(331, 46, 14, 82, '2014-08-30 17:27:08', '2014-08-30 17:32:37'),
(332, 46, 18, 78, '2014-08-30 17:27:13', '2014-08-30 17:30:02'),
(333, 22, 16, 15, '2014-08-30 17:27:42', '2014-08-30 17:39:00'),
(334, 22, 13, 47, '2014-08-30 17:27:47', '2014-08-30 17:31:09'),
(335, 28, 3, 124, '2014-08-30 17:28:09', NULL),
(336, 28, 8, 176, '2014-08-30 17:28:15', NULL),
(337, 32, 13, 35, '2014-08-30 17:28:34', '2014-08-30 17:33:26'),
(338, 18, 5, 176, '2014-08-30 17:28:59', '2014-08-30 17:41:33'),
(339, 27, 1, 177, '2014-08-30 17:29:12', '2014-08-30 17:44:32'),
(340, 6, 6, 106, '2014-08-30 17:29:16', NULL),
(341, 5, 15, 110, '2014-08-30 17:29:31', '2014-08-30 17:38:55'),
(342, 5, 19, 70, '2014-08-30 17:29:36', '2014-08-30 17:32:45'),
(343, 21, 20, 71, '2014-08-30 17:29:42', '2014-08-30 17:33:53'),
(344, 33, 7, 182, '2014-08-30 17:30:00', '2014-08-30 17:43:44'),
(345, 33, 12, 125, '2014-08-30 17:30:08', '2014-08-30 17:40:24'),
(346, 33, 16, 14, '2014-08-30 17:30:16', '2014-08-30 17:40:30'),
(347, 44, 9, 203, '2014-08-30 17:30:46', NULL),
(348, 37, 11, 77, '2014-08-30 17:30:49', '2014-08-30 17:32:16'),
(349, 23, 5, 144, '2014-08-30 17:31:44', '2014-08-30 17:42:03'),
(350, 25, 10, 196, '2014-08-30 17:32:12', '2014-08-30 17:43:56'),
(351, 13, 20, 59, '2014-08-30 17:32:16', '2014-08-30 17:34:42'),
(352, 38, 6, 92, '2014-08-30 17:32:21', '2014-08-30 17:40:59'),
(353, 26, 14, 87, '2014-08-30 17:32:30', '2014-08-30 17:37:35'),
(354, 13, 11, 59, '2014-08-30 17:32:33', '2014-08-30 17:34:52'),
(355, 14, 9, 162, '2014-08-30 17:32:34', '2014-08-30 17:42:06'),
(356, 22, 13, 40, '2014-08-30 17:32:36', '2014-08-30 17:40:52'),
(357, 13, 19, 64, '2014-08-30 17:32:40', '2014-08-30 17:36:19'),
(358, 49, 12, 106, '2014-08-30 17:32:44', '2014-08-30 17:37:45'),
(359, 21, 1, 162, '2014-08-30 17:33:00', '2014-08-30 17:43:38'),
(360, 4, 8, 179, '2014-08-30 17:33:18', '2014-08-30 17:41:45'),
(361, 7, 8, 179, '2014-08-30 17:33:31', '2014-08-30 17:44:45'),
(362, 37, 2, 181, '2014-08-30 17:34:22', NULL),
(363, 18, 18, 104, '2014-08-30 17:34:45', '2014-08-30 17:39:57'),
(364, 33, 20, 56, '2014-08-30 17:35:04', '2014-08-30 17:41:38'),
(365, 33, 11, 55, '2014-08-30 17:35:08', '2014-08-30 17:41:42'),
(366, 48, 4, 179, '2014-08-30 17:35:29', NULL),
(367, 44, 11, 53, '2014-08-30 17:35:52', '2014-08-30 17:39:45'),
(368, 32, 12, 88, '2014-08-30 17:35:59', '2014-08-30 17:41:00'),
(369, 18, 17, 83, '2014-08-30 17:37:33', '2014-08-30 17:44:17'),
(370, 42, 15, 132, '2014-08-30 17:37:43', '2014-08-30 17:42:50'),
(371, 29, 18, 80, '2014-08-30 17:38:13', '2014-08-30 17:41:35'),
(372, 25, 16, 17, '2014-08-30 17:38:16', '2014-08-30 17:44:11'),
(373, 5, 18, 54, '2014-08-30 17:38:27', '2014-08-30 17:41:32'),
(374, 40, 9, 152, '2014-08-30 17:39:05', NULL),
(375, 47, 19, 64, '2014-08-30 17:39:14', '2014-08-30 17:42:36'),
(376, 23, 19, 64, '2014-08-30 17:39:20', '2014-08-30 17:42:41'),
(377, 47, 20, 47, '2014-08-30 17:39:22', '2014-08-30 17:43:35');

-- --------------------------------------------------------

--
-- Tabellenstruktur für Tabelle `Session`
--

CREATE TABLE IF NOT EXISTS `Session` (
  `sessionId` varchar(42) NOT NULL,
  `userFk` int(11) NOT NULL,
  `raceFk` int(11) DEFAULT NULL,
  `loginTime` datetime NOT NULL,
  `lastActive` datetime NOT NULL
) ENGINE=MyISAM DEFAULT CHARSET=utf8;

--
-- Daten für Tabelle `Session`
--

INSERT INTO `Session` (`sessionId`, `userFk`, `raceFk`, `loginTime`, `lastActive`) VALUES
('8Nqys8MS8z3C2bb2bOFzlHNo9r9gnfkAWV89PiBczz', 0, NULL, '2014-06-01 16:19:57', '2014-06-01 16:19:57'),
('ieX66MS4A1fcnN11q9sgmud5rzzjgVTlNUXoSYpWSK', 0, NULL, '2014-06-01 16:58:22', '2014-06-01 16:58:22'),
('qA4M9n4dcc3YpGixm9MWWTTTTE8YSzc6SLx9zl0Brd', 7, NULL, '2014-06-01 17:03:28', '2014-06-01 17:03:28'),
('jubr7lb3rxdMLFYhdBwfZUpLbNUS0csbMZTRl2jnJJ', 0, NULL, '2014-06-01 17:27:24', '2014-06-01 17:27:24'),
('PtvqLsrBGPBZYBaw0X33EdlupPR0r26Pa0vUuYHDmM', 7, NULL, '2014-06-01 17:29:11', '2014-06-01 17:29:11'),
('945ciwqkVppjhhcGw0murEXh3f8CoNyGxfL6rhhJws', 0, NULL, '2014-06-01 18:12:53', '2014-06-01 18:12:53'),
('ZTktsOkqnHiw7krU3D0zPsj2V32g7TegZ0DwHjeH03', 8, NULL, '2014-06-01 18:13:59', '2014-06-01 18:13:59'),
('cd9vgqoyuuDCbcYMrgWzHMNIVc3mT88NPhRomPyzm0', 7, NULL, '2014-06-01 18:16:40', '2014-06-01 18:16:40'),
('EFxTys7Z8r0ZKZQ8U1mYhVJpE3F5eA6oZp0hpT19ue', 7, NULL, '2014-06-01 19:49:48', '2014-06-01 19:49:48'),
('ixjzGOutfCMBorufFPG1jjgVtGy6NSCkyGU2C56gwQ', 0, NULL, '2014-06-01 20:00:06', '2014-06-01 20:00:06'),
('MYDuuUKWoCNM4odKkD9ytZWMGWMY5IipE459NjCQWE', 7, NULL, '2014-06-01 20:00:15', '2014-06-01 20:00:15'),
('UhCREk7VPP7u1ofYqiSeXwaxjFzVZvVREPtV8qvvJy', 0, NULL, '2014-06-01 20:01:26', '2014-06-01 20:01:26'),
('pJFOZKvhCY3WpV1C3eiuVBrW6PvJA2wMSnsGGzOG66', 7, NULL, '2014-06-01 20:02:37', '2014-06-01 20:02:37'),
('Z1JfGa3xmIrLaZP7Jjz50RSEPJI0GQ6XTQYOsfxLHh', 7, NULL, '2014-06-01 20:18:50', '2014-06-01 20:18:50'),
('uKfwzGcQSgU85gpIrwovs8pLH73shf573AGsbT5Dso', 0, NULL, '2014-06-08 11:57:23', '2014-06-08 11:57:23'),
('0VwaKGO1iWAZ1U98k7cVAuq6NoaOoYwlGrnMvdamYI', 0, NULL, '2014-06-08 12:05:14', '2014-06-08 12:05:14'),
('RWwcGe4ymqOv8DyRb7kpqdrs3rDy5CU2rAEUNN6fkd', 0, NULL, '2014-06-08 12:10:38', '2014-06-08 12:10:38'),
('XCbEjVU3utV45ozcSIPvYQxKQUuTYDSsRM0ZyNDZ9I', 0, NULL, '2014-06-08 12:18:07', '2014-06-08 12:18:07'),
('8zo0O3vCsaEk8qsayDfLbGXc7ZLsa9bLVgifhnFZHc', 7, NULL, '2014-06-08 13:31:53', '2014-06-08 13:31:53'),
('T4XxhD7zZA7hkapvvtm84KoMEEhrUD32XrQ3gswhpv', 7, NULL, '2014-06-08 15:04:07', '2014-06-08 15:04:07'),
('mMITXZEi3MN2Oc5hfmK0WAlaSM6ldvcEmNt6Vtmw4W', 7, NULL, '2014-06-08 16:36:31', '2014-06-08 16:36:31'),
('WlhN53frC6JVRRkh7n8SajJIwj7NSD6EUnAJ2abGF7', 7, NULL, '2014-06-08 17:38:29', '2014-06-08 17:38:29'),
('pTy5FkjMkUbZX9HQdFP1jabF685ZzZ6InCv2BN0kcz', 7, NULL, '2014-06-10 18:08:18', '2014-06-10 18:08:18'),
('ZicNej3OCXzHKJQn79tGHmHN2E6bEKkTeRYCQj9b4n', 7, NULL, '2014-06-11 18:24:15', '2014-06-11 18:24:15'),
('Bd7GVoptUpTbpHs9t97WDEnc1xRglAnZkZEkYfgMKQ', 7, NULL, '2014-06-11 19:24:35', '2014-06-11 19:24:35'),
('OfUsEe9sWBhNK1DMOX5a56sCHeRVrhk5QIOyRLRLyW', 7, NULL, '2014-06-14 18:18:53', '2014-06-14 18:18:53'),
('gBAW38xjKdnsvHgfeQjM5BMt2dRGbjIc8OSXP0lcSG', 7, NULL, '2014-06-14 19:20:30', '2014-06-14 19:20:30'),
('PBU6hDnwitBSbsG8932r7ExZWyN6B0Jes0vQPz2Phh', 7, NULL, '2014-06-14 19:20:59', '2014-06-14 19:20:59'),
('15y3477st6rFv7riFEvORZxJvMk3dlGLQi7Y9nEFBy', 7, NULL, '2014-06-16 18:22:38', '2014-06-16 18:22:38'),
('zjx1U9QfKkN3YYlnWIdSEUgRwUnwLZOM4bc0OpfIIC', 7, NULL, '2014-06-16 18:25:20', '2014-06-16 18:25:20'),
('sz0WMmrjWaITkalU8N4mIBmP0mjupbExwJcrKa0Eyr', 7, NULL, '2014-06-16 18:41:05', '2014-06-16 18:41:05'),
('ZPFAIQK5cOSXdILUiOhkbKbJM15l7qIgLsnQB9rZbl', 0, NULL, '2014-06-16 18:54:09', '2014-06-16 18:54:09'),
('0pGAsSsVG9I5irJvGCO3ECkaVX2MWqSAkhYr0U29I9', 7, NULL, '2014-06-17 21:10:49', '2014-06-17 21:10:49'),
('I7HfVPzQZgHfToh5izr1yczwT66m1c1I7sqJfInkJC', 7, NULL, '2014-06-17 21:13:32', '2014-06-17 21:13:32'),
('sixBqaxzLwKUbC2PFORrFrvc0uL80b5d1QPTau4kDI', 7, NULL, '2014-06-17 21:15:37', '2014-06-17 21:15:37'),
('GhJ792EHja7Y9Vfi4YJrQjByv41ZLrdBaTIJJFcNC6', 7, NULL, '2014-06-17 22:47:05', '2014-06-17 22:47:05'),
('BZXTmkbCuhJBmaHdx3aXykmDePeZK3FplbWIRjsTT9', 7, NULL, '2014-06-18 20:32:33', '2014-06-18 20:32:33'),
('zJgKUjbPjM9KVJEx3idmhg2hqNZDTiR32jrpoH5mi3', 7, NULL, '2014-06-18 21:34:16', '2014-06-18 21:34:16'),
('pDSn96pcTvhIA2WH0MNN7f2ryKd4BZAsOngTYhU4Sr', 7, NULL, '2014-06-18 22:17:29', '2014-06-18 22:17:29'),
('xsAbS1t8HGXXdQvnEKBkyTj2vwgNMi4ZXsLIDVKPV5', 7, NULL, '2014-06-18 23:19:54', '2014-06-18 23:19:54'),
('3WfRO3qqHW2N0C8HNnvo9f1kVyYbNdu2UEQGEEXCHk', 7, NULL, '2014-06-18 23:35:39', '2014-06-18 23:35:39'),
('QFNlhH9vsL0vA8wJRrDKWeJWKJJnxFoEwtI0cX0B40', 7, NULL, '2014-06-19 00:03:07', '2014-06-19 00:03:07'),
('0jy8ovIcDhpR0bjTnbmrMwLnorMzFk2Bj9h3W5jnXV', 7, NULL, '2014-06-19 01:03:56', '2014-06-19 01:03:56'),
('4oWNibUYCokLVUt2uqBAokpAxwD2p11Las7B6duMOw', 7, NULL, '2014-07-22 17:14:03', '2014-07-22 17:14:03'),
('3eR1GDv2IczJfRADMDT7hk6FiCWPrApRfGx3Y3CnOt', 7, NULL, '2014-07-22 17:14:33', '2014-07-22 17:14:33'),
('tNnN62gmn1R5Jf9lBGNcQzKmjgWS9J7Lyl7a5SzaRB', 0, NULL, '2014-07-22 17:23:52', '2014-07-22 17:23:52'),
('1Gs4UHpNMMGTCyPVT8qiVBSFWvKBvb6RnqIe08zhxD', 11, NULL, '2014-07-22 17:28:14', '2014-07-22 17:28:14'),
('ckLMaP0umu4xGR7ksLGwkNp3hfC7BkjzHZcMzUSCYe', 11, NULL, '2014-07-22 18:56:34', '2014-07-22 18:56:34'),
('jJ4ZAHjHh14wL5oUkbGy5wDaxnMtCltzVvegRhcI37', 11, NULL, '2014-07-23 20:09:07', '2014-07-23 20:09:07'),
('mwR3DU44xzlyqXsdqZfmW7eHusZF3V0nqNLp8vTBa5', 11, NULL, '2014-07-28 17:24:23', '2014-07-28 17:24:23'),
('hPXCBJuxSaIVbi7NY9dgCNPiXGUxxCC81nkAQKgm0n', 11, NULL, '2014-07-28 18:32:05', '2014-07-28 18:32:05'),
('eHotAkSVLstdXHe2msV3cPV8yayiHGhxIZQRzen0zZ', 11, NULL, '2014-07-28 19:36:23', '2014-07-28 19:36:23'),
('os9GF0RecGOm1Zpf6EcyIKDPFX90Z4U7TTA8NfG4R8', 7, NULL, '2014-07-29 17:04:14', '2014-07-29 17:04:14'),
('yOx28UkxS5Z4xdNc58baieh0rSqJCxA25GqUKqCsZB', 11, NULL, '2014-07-29 19:04:27', '2014-07-29 19:04:27'),
('4kHSfE6d2Ea1o5ohOPY2bGk5QIiPJ5oVqqIwNiwKtc', 11, NULL, '2014-07-30 18:19:18', '2014-07-30 18:19:18'),
('Qb3HalsMvSfYl4d6Mubl0tyYzxjXyGy3QttvAjaN0C', 11, NULL, '2014-07-30 20:34:22', '2014-07-30 20:34:22'),
('xvkSBjcZSThPHMp5mVDZtTLlg3YKI88rrSMdIbBzRF', 7, NULL, '2014-07-30 22:50:14', '2014-07-30 22:50:14'),
('l298wlfUehLMUX75nrBPfEXA16n7i9D8JOjiaWmtNT', 11, NULL, '2014-08-01 15:22:54', '2014-08-01 15:22:54'),
('3bdhOEVLZ7I1GaiMffWY49OZaQXahw18wFDRbKLyF2', 11, NULL, '2014-08-01 17:01:05', '2014-08-01 17:01:05'),
('CmBeTQKVPCm69o0lzKivRCZidwN1TlPQKdJyCUdT24', 11, NULL, '2014-08-01 18:01:43', '2014-08-01 18:01:43'),
('bOckWwwSy0wYxAIO5zxayF8IFDNfG5To0qcGHpZZDA', 11, NULL, '2014-08-01 19:02:11', '2014-08-01 19:02:11'),
('EE8G7CpOLvwCILXVPxYCV2MSWysoa9zBSaxocC2hE8', 11, NULL, '2014-08-01 20:10:36', '2014-08-01 20:10:36'),
('68rdV7bzb1aM7iyYTTfrPlD9UJSEdDKHpDFQw6uHXb', 11, NULL, '2014-08-01 21:23:46', '2014-08-01 21:23:46'),
('824gmNHYT2VXv4rB1w259X6pDy244ItyA1uaUuswpa', 7, NULL, '2014-08-01 21:26:42', '2014-08-01 21:26:42'),
('FXQcSSIRrfpdrRFlgfru1cR9nLr8y81vsyZb100jHx', 11, NULL, '2014-08-01 22:49:00', '2014-08-01 22:49:00'),
('UOrZO63XYraJZ3EwUzJpJ5TF0qjCQAdMWmd3wRupqM', 14, NULL, '2014-08-01 23:46:30', '2014-08-01 23:46:30'),
('ZGFhVqfm8cLTmghzw1vuH5iFigU3JiS5TGjzEf1Qg9', 13, NULL, '2014-08-01 23:55:23', '2014-08-01 23:55:23'),
('0wKMw0meGEW1ya0jQpgATkSm8ZkHsuY3xXOStVpXhi', 13, NULL, '2014-08-02 01:17:55', '2014-08-02 01:17:55'),
('PDwfHNkoHIuTi933VvsXMblZ6AlLKO8EW7k9P3Rzqg', 12, NULL, '2014-08-02 10:26:19', '2014-08-02 10:26:19'),
('WQrhufrisriZt7OBaV7r9TnaAR8kuMozhmY0KlO7N7', 7, NULL, '2014-08-02 14:06:01', '2014-08-02 14:06:01'),
('yoZWW98qxmESCHSf0i6JMePP69SVkAHpg7Gv4TEMcL', 11, NULL, '2014-08-02 14:08:24', '2014-08-02 14:08:24'),
('XAfhQ1zx9pc8khamPg6fPbYgXvAH3C3SgrTrV4CP2Z', 11, NULL, '2014-08-02 14:26:34', '2014-08-02 14:26:34'),
('ltEPoIexEs1jADxU2fh12E2E4i1WgSXHCZExy8iJbf', 11, NULL, '2014-08-02 16:11:26', '2014-08-02 16:11:26'),
('Q6Uf5cvUgUEeMPEr3YKNN0dDwSNEApIhIepUnr6h5l', 12, NULL, '2014-08-02 21:42:58', '2014-08-02 21:42:58'),
('dKkfkny0vWi0ntrnhJc2XG8IIgp01wL0FXBCTBhY7j', 12, NULL, '2014-08-02 22:56:25', '2014-08-02 22:56:25'),
('DVmBsK0b5lIK6I89r2vAp7RZm04RpYiPwDW3Nh5mdK', 12, NULL, '2014-08-02 23:56:29', '2014-08-02 23:56:29'),
('Gr7ZMYM2laH0WvY4XTs5Mk4kY9wwBNTMafXEII4XZq', 12, NULL, '2014-08-03 09:06:37', '2014-08-03 09:06:37'),
('UKLlshHtRxG7K1TAXp3z6s9mz97d9CMI44JEOIVvNJ', 12, NULL, '2014-08-03 15:18:00', '2014-08-03 15:18:00'),
('orhkxCZogOusZBibhQPbeY6LaFsGtyXrrOo1ZxNqMR', 12, NULL, '2014-08-03 16:17:47', '2014-08-03 16:17:47'),
('xrYZ3sq7FmA88WvsniYLcutMc4SMHu5j9PJ1FIBt2h', 13, NULL, '2014-08-03 17:24:42', '2014-08-03 17:24:42'),
('zwJ9gFu8SEhKuEBcvSmwbWvf8f1h8dQZh10ABODjfy', 7, NULL, '2014-08-03 22:35:12', '2014-08-03 22:35:12'),
('Q7WpHRQokzgeA1IWbVG6MFPyEJSsk0LJyvcgQtdbSC', 7, NULL, '2014-08-03 23:58:42', '2014-08-03 23:58:42'),
('AM51ocHt3qdgtPs1vzDSb0XKW9Bnb4ZxCDoDCsonYO', 7, NULL, '2014-08-04 07:19:43', '2014-08-04 07:19:43'),
('i8Lwx7BXW9v6Kh0DkXI34TYHCtGzCDIyZGwlcDHQZ3', 7, NULL, '2014-08-04 08:37:45', '2014-08-04 08:37:45'),
('9K7I0AxCAsxi9OfNk9h6dtAa3yG6Do7PHQBQGHS8xu', 7, NULL, '2014-08-04 07:55:53', '2014-08-04 07:55:53'),
('PeqLKYh6gwjtb3dFZjHeclS4QD6G2YhUwMXavyFaqB', 13, NULL, '2014-08-04 23:00:14', '2014-08-04 23:00:14'),
('YaqiKahiZw2LK21Y57BTAA1XaSjHe4kmwEawNmSye6', 11, NULL, '2014-08-04 21:28:13', '2014-08-04 21:28:13'),
('eVYwK4XV49uIM53ONUHswGlJISiu0ZrinQVxQrrOYv', 7, NULL, '2014-08-04 23:52:16', '2014-08-04 23:52:16'),
('Zm68PMq9EiiX2jymMBe4m5bhPLMO5BUgEqmIzCaWRw', 13, NULL, '2014-08-05 21:49:09', '2014-08-05 21:49:09'),
('VxhYpjb95RAuN5Lmvvn8Opo0xIHXU77EJNkTVALXmU', 13, NULL, '2014-08-05 22:48:53', '2014-08-05 22:48:53'),
('vFqzJ6SsPZkyheTpag3aWBxq0PbN4vNpt0D3VP8laI', 13, NULL, '2014-08-06 08:13:33', '2014-08-06 08:13:33'),
('bNhvFniG8WM3C607tdHYcVGJ2eUvV92yTD4W68Xrb8', 12, NULL, '2014-08-06 10:33:45', '2014-08-06 10:33:45'),
('NiGEdq9IDaMFyWKIVhMXaEr2M7BXj0sQBkaCyqCgWs', 12, NULL, '2014-08-06 18:49:09', '2014-08-06 18:49:09'),
('MvRReBm8oLxP5Z8VYcGOLkrmMD2q1l3w2MyKk3gsUa', 7, NULL, '2014-08-06 21:34:00', '2014-08-06 21:34:00'),
('ZqbF9Zyk0FYoMM1i3fr6Fz41iTPX8O9ThtmBhLn5pR', 12, NULL, '2014-08-06 21:50:14', '2014-08-06 21:50:14'),
('Mxt3c2BmAkY1mQGswFq3Nfc0MmekrafKJ7zPZ8yXtt', 13, NULL, '2014-08-06 22:41:55', '2014-08-06 22:41:55'),
('gswzQGjrbKg5mN901resUP15vIWTAeJnn3Qlc7SQ5G', 12, NULL, '2014-08-07 12:10:06', '2014-08-07 12:10:06'),
('yzML9UgnmRPOddT3Rw7JnZlKHLJGuKXOdX2UFQjuyW', 7, NULL, '2014-08-07 18:01:02', '2014-08-07 18:01:02'),
('2orUj4qTxJsK3pnSiidMJloVz39j7wvHe66Xcp2Ldr', 7, NULL, '2014-08-07 18:01:10', '2014-08-07 18:01:10'),
('kSYKXXAJqatFUvy9zBRkBzTlud33uywjkvIqGHzLDB', 7, NULL, '2014-08-07 18:17:55', '2014-08-07 18:17:55'),
('3EicHvwsu7QZ1rFBH5vCkbmfGPDZAynoPoMUguHI2b', 7, NULL, '2014-08-07 20:10:57', '2014-08-07 20:10:57'),
('BrbMbGMs9VkaTv0eyViPdnm8TeZrnm5JCko6WtaEqa', 7, NULL, '2014-08-07 19:15:22', '2014-08-07 19:15:22'),
('HNDPnYFCCpOmxvmmSufikrv0Ll7X0SklGwRnt5dsFk', 7, NULL, '2014-08-07 20:00:08', '2014-08-07 20:00:08'),
('X80Wj84ItpZBLjYtchMjqWsoFbLXroQZDEAnuY9Hb8', 7, NULL, '2014-08-07 20:48:17', '2014-08-07 20:48:17'),
('BRHxirkhfkYRO1Yi6a97DGlMsygeHHytwhDRw7pBA5', 7, NULL, '2014-08-07 22:03:07', '2014-08-07 22:03:07'),
('AI998z95Fgl9ns28atWKIsJPeXIaLkEBfhdhw6xvQe', 7, NULL, '2014-08-07 22:06:39', '2014-08-07 22:06:39'),
('sorkyjhvh9iaXKVoADa348trX9OBKqjhOV2VVchFly', 7, NULL, '2014-08-08 12:57:51', '2014-08-08 12:57:51'),
('h0i1Tzt10BlZgofiz8nJPAvs8YdgL6giVfPNpQPt2i', 7, NULL, '2014-08-08 12:59:56', '2014-08-08 12:59:56'),
('n3gx22BXKM44CIrcH8LmIo6BDWAlkMRWQbRYba18l8', 7, NULL, '2014-08-08 16:04:46', '2014-08-08 16:04:46'),
('6vyZlOFUZphvjoVJLRfYrGhUJlWiA0B63nbAQHO8ou', 13, NULL, '2014-08-08 18:43:17', '2014-08-08 18:43:17'),
('JWEjrZ0CL0PwJNdm6AriV4wDeUX899u4eTlhofUkFd', 7, NULL, '2014-08-08 21:10:08', '2014-08-08 21:10:08'),
('uTL3vLgAWreWCAcgpxiIcBSdqclfJGaG6hRiKvUIpI', 14, NULL, '2014-08-08 20:08:50', '2014-08-08 20:08:50'),
('zN051tS0kyiZCS50X9txKrq7WPBFqDDZGKpqtsrbKT', 7, NULL, '2014-08-08 21:19:44', '2014-08-08 21:19:44'),
('vJMp4QKHZNTd4R9Erd2XNsaV7WoVvoQ5PovvNXO7NW', 7, NULL, '2014-08-08 22:20:05', '2014-08-08 22:20:05'),
('h7bkkgJsiBRfE15U1etZSZuy2m6QkkmGv1MNh5i16y', 7, NULL, '2014-08-08 22:24:00', '2014-08-08 22:24:00'),
('mt4hEu37DTlXWAfiDZcvgfOEyAOhCQxnFQExeCBCnD', 14, NULL, '2014-08-09 01:49:52', '2014-08-09 01:49:52'),
('cWIFRYHhhbdMuTw1d1fHi7M1RQKJKfhaHpJkEq7Fpi', 11, NULL, '2014-08-09 05:12:51', '2014-08-09 05:12:51'),
('kVC5VlaYvQebGNnIXmUD6bk2xHR4dxYy1XrFToFj8C', 11, NULL, '2014-08-09 05:34:48', '2014-08-09 05:34:48'),
('PtBqglNcMtpBCzWgDR2BjgwbGf6be3GJ9Rk4a1Zw9z', 11, NULL, '2014-08-09 05:41:04', '2014-08-09 05:41:04'),
('GPB4tFM2AC6dyEeAUX2b0AblsvJ4stTdd6Bkzg9Z2E', 11, NULL, '2014-08-09 14:29:42', '2014-08-09 14:29:42'),
('GbpylnxF2rtSjbhQmeXuQsyLjR4nQA7hgkgRZuEOZY', 11, NULL, '2014-08-10 00:08:52', '2014-08-10 00:08:52'),
('qEYnZujfQkdQNqFZzCjeKXb8cwzSTLf1E2LdMQF2li', 11, NULL, '2014-08-09 22:58:42', '2014-08-09 22:58:42'),
('DywTL37Ok4bzsdnroEp3wdDlEYvLxRgwhKdWX5IH2Q', 11, NULL, '2014-08-09 21:50:00', '2014-08-09 21:50:00'),
('FFXH7ZhpiypAFutFWzT5vET00waMCfUlfOWoOeaQaN', 7, NULL, '2014-08-09 21:52:13', '2014-08-09 21:52:13'),
('L5sHch1jncyhfY3HoORRxqJOM1cy52kMHpVuKGaAb9', 13, NULL, '2014-08-10 00:33:38', '2014-08-10 00:33:38'),
('pHRELc8ZcVBdM20lQx10NdgI2NCJU8Lji8XfiVFNIf', 7, NULL, '2014-08-10 14:55:38', '2014-08-10 14:55:38'),
('sODYQnPrZmNlIC8fUksMnxWzVwKpKseRWu27v4mVpV', 14, NULL, '2014-08-10 17:40:02', '2014-08-10 17:40:02'),
('3k0asOZ1FJWrH55QzVOSfm3aOzfUiv7iGOz3WqCFdC', 11, NULL, '2014-08-11 08:37:05', '2014-08-11 08:37:05'),
('CxuHCqYgkZCbiSqtaCNwH5nDMxuk2z8OmIv8jDlGTA', 11, NULL, '2014-08-11 21:27:11', '2014-08-11 21:27:11'),
('KfZXlxVqiszBy2K6q6je0YGQPw5kekj60bQx84ggOA', 11, NULL, '2014-08-11 21:52:41', '2014-08-11 21:52:41'),
('D9GxMth1AahN2rD9jMp57TUHcN69QgwzO1Gdu9OLo3', 14, NULL, '2014-08-12 01:13:54', '2014-08-12 01:13:54'),
('B12DkDZjnIuE7iRshVbtGfsTfBaMqkxiIoCeagiqcc', 7, NULL, '2014-08-12 08:10:31', '2014-08-12 08:10:31'),
('NnukNQVVLKVYF15lsch6qehlm6xmRc2vgaug0IRU1n', 14, NULL, '2014-08-13 10:25:28', '2014-08-13 10:25:28'),
('7LBKMpKmtdUSZWVewDAfwGn6ABdgLrsbxvS1tzojGd', 16, NULL, '2014-08-13 22:58:46', '2014-08-13 22:58:46'),
('9J6cXhsIs8RoTCNPpHz3bNHXP4AwnnLPnIqcqI9pe5', 14, NULL, '2014-08-13 20:18:17', '2014-08-13 20:18:17'),
('nZy9Z5lW8156K3GIQCoM4TCpUb6SEvU655Dh6Lk8VQ', 13, NULL, '2014-08-13 20:27:29', '2014-08-13 20:27:29'),
('i6xnE5K7oZh3GB0Uz7Xw7Vf10F1OhmPXCn3QuCD0b1', 17, NULL, '2014-08-13 20:46:37', '2014-08-13 20:46:37'),
('5xsWcsrW7aZQqLQ5PgWghaffUQTsU2oJxzfAwhLM1E', 16, NULL, '2014-08-14 07:44:46', '2014-08-14 07:44:46'),
('ZljAhWSOhRksoLAPsaMVWVzb7QJxcsfew2bTuinnaU', 17, NULL, '2014-08-13 20:24:02', '2014-08-13 20:24:02'),
('Mq5lEVXWHJNFnnaNmiqcBTcne56ScifEWwgEQ8R6ML', 7, NULL, '2014-08-13 21:23:25', '2014-08-13 21:23:25'),
('5T3F9C16Bbhf5HBPqCu73yllcPlg6n7pzvirV8IfXR', 16, NULL, '2014-08-14 12:34:16', '2014-08-14 12:34:16'),
('Ku0c7mfWAGCP4teizVCCF63cYzXXQcW36TSJPgSEzU', 13, NULL, '2014-08-15 20:32:32', '2014-08-15 20:32:32'),
('mg3yahgKOxqcotjSoU70TS40ulmMuxBxLtic8ejYvS', 16, NULL, '2014-08-15 21:22:53', '2014-08-15 21:22:53'),
('V22h5QFdYOTE47jejxqWfn8U6o1oSOHmo9BcLrn7vj', 16, NULL, '2014-08-15 22:23:25', '2014-08-15 22:23:25'),
('N6pC5Ptey8Sn3Vbj7DIRKjXL5xV6KdccP9MRRtpZiF', 16, NULL, '2014-08-15 23:26:00', '2014-08-15 23:26:00'),
('SpFILPLgeGNL2a4z16yOsF5pRohqfDgHcbSfAGnJET', 16, NULL, '2014-08-16 21:58:03', '2014-08-16 21:58:03'),
('JG9dGPbTYRQNdYEQujRviNGBcXi0MCk1ycYkxFn9qb', 7, NULL, '2014-08-17 00:18:25', '2014-08-17 00:18:25'),
('J9BZr15x6Md8j5AyE6HfQ9m7pdhWoN9JeCViNRjS1H', 16, NULL, '2014-08-17 23:32:11', '2014-08-17 23:32:11'),
('qe2IR1cKbMFs00HxIVUdhb8KIaPbJyGOfY9NAtocqm', 7, NULL, '2014-08-18 20:27:27', '2014-08-18 20:27:27'),
('3XYfEQFHh8nVqcLe49O9AhGUDwwnYmoWLaTETBGVF3', 16, NULL, '2014-08-19 09:01:38', '2014-08-19 09:01:38'),
('E3i05ZWL8IkTRPnPTin4Dr8X58XXkOT1CYMSaIgYR7', 12, NULL, '2014-08-19 09:07:49', '2014-08-19 09:07:49'),
('WcFEcp1l0gOv0JR5WdDBZ8KGiVMaQli3RBPObqdGNW', 15, NULL, '2014-08-19 10:22:04', '2014-08-19 10:22:04'),
('6W2AVYpIbSIaLUB8SPkB3oCyxObJTsuZEVv9NTjdX9', 7, NULL, '2014-08-20 00:42:56', '2014-08-20 00:42:56'),
('c2pl3UBKAnsqY4OW22sRKuXxF7B0rbkgl7wVLLCJTQ', 11, NULL, '2014-08-22 00:18:58', '2014-08-22 00:18:58'),
('GHQPJTUOHLaSRHesQy9wfayijvW3fYRGQKpioKjnza', 11, NULL, '2014-08-22 01:07:05', '2014-08-22 01:07:05'),
('t6hfhl93o11PgJJGhrzQRIcFViWcEOSegqu0x0FKBV', 11, NULL, '2014-08-22 22:30:46', '2014-08-22 22:30:46'),
('VJwzTluQiwpL93lLlrnYbNr2D9qgmVhuSWbAOrC79D', 11, NULL, '2014-08-22 22:31:47', '2014-08-22 22:31:47'),
('ILeeZfmVsXPdmpHa4Sro7rB9LCa7Rz2VOEJkBsvYC5', 11, NULL, '2014-08-22 23:57:45', '2014-08-22 23:57:45'),
('Skbi18HfHtgDWUJVuzjMRCuJZXfRNO1Uzb4VTm8YtB', 11, NULL, '2014-08-23 22:21:46', '2014-08-23 22:21:46'),
('5JiXCRVZhskG9CoRps0JYmcjAjus0Oy3l8qM7Hhv5q', 27, NULL, '2014-08-24 00:42:05', '2014-08-24 00:42:05'),
('lL1zQEWBGXc525RCdOV6bAVtbj0pDlqdeQT5hsnwTO', 24, NULL, '2014-08-24 01:02:26', '2014-08-24 01:02:26'),
('qHMbiMg2hmaISY93ZZHfJXGMCq98djbjQgOovtif0A', 22, NULL, '2014-08-24 00:26:29', '2014-08-24 00:26:29'),
('OCi7QbDdIc9myYr3fZy7k7dxR5ButUFPiOgCv7Qt4v', 28, NULL, '2014-08-24 01:23:07', '2014-08-24 01:23:07'),
('J9wW9qRJCxC4wQvU6Mty4FnXfJPClbmVmZbldGOGl4', 26, NULL, '2014-08-24 00:57:09', '2014-08-24 00:57:09'),
('5Z91NHboZlVpMTc41WvXEGnkdJI5Kwxcu14iNefDp3', 28, NULL, '2014-08-24 02:04:30', '2014-08-24 02:04:30'),
('GTGJKMb8SPQzfvEnZ8QqnwIvxI0zhcRoogSemA18dY', 26, NULL, '2014-08-24 20:46:06', '2014-08-24 20:46:06'),
('D8emS5BhaOlJ7tcMYuLWrnAJ2egNuCvkWhVvz4klxX', 29, NULL, '2014-08-24 13:47:28', '2014-08-24 13:47:28'),
('I3z74FLaabckaRF6INJixDi9f7fiPbsACBDBd33z9k', 26, NULL, '2014-08-25 07:53:46', '2014-08-25 07:53:46'),
('TsNPxPyKAzBfG4Z6GZEnvveKVwXofM4ZiF0lICLh5T', 26, NULL, '2014-08-24 22:40:18', '2014-08-24 22:40:18'),
('lrFk0KM0HSMhaPLqHpwqb8H4ZsJjByqiwtcs9DhLW7', 22, NULL, '2014-08-25 22:09:53', '2014-08-25 22:09:53'),
('n137lzEdN7w6kPFJgjMIEUXXJjMzDGbOJr2GtSgzX0', 22, NULL, '2014-08-25 20:55:16', '2014-08-25 20:55:16'),
('G22BnCbcsIhyMPn5vKbsRIc6wr0UTcFxcJMk67qi1C', 16, NULL, '2014-08-25 21:13:08', '2014-08-25 21:13:08'),
('uOGTgb8Szp3kbH1h4mmo6lWrzbN6Q951v3ttEVvzXe', 22, NULL, '2014-08-25 22:21:02', '2014-08-25 22:21:02'),
('wiAMSBAlxv9wEkuFpO1l22WB6MiVaoP37eiMkEk5CA', 22, NULL, '2014-08-25 23:12:35', '2014-08-25 23:12:35'),
('Z9dYLzLVGoLTN7rNMJpa9ZGIMTrLfYGvehAdU72Rby', 28, NULL, '2014-08-26 01:35:01', '2014-08-26 01:35:01'),
('A6C9US6Dx9m0UQpmqXwY2rEAvYtvG5Y0DZiRfvwvux', 7, NULL, '2014-08-25 23:34:08', '2014-08-25 23:34:08'),
('zk88mRN2zTWBfF0lFCgD5loPtQnoOoQAeSrHls3vRB', 22, NULL, '2014-08-26 16:10:09', '2014-08-26 16:10:09'),
('wDuk1DpwN29zgbBN2xAEjVWBszyU4sLyEQtWFysqF2', 24, NULL, '2014-08-26 21:03:10', '2014-08-26 21:03:10'),
('v6K7ZtX2ufGCQ9554xnSSDQBIk0ctLNIZaPcEsEq2i', 22, NULL, '2014-08-27 20:15:16', '2014-08-27 20:15:16'),
('Gvtqj4t5a9nhxCf5Iq8jN20jsm9qAHDXnzexJij5hs', 26, NULL, '2014-08-26 22:33:35', '2014-08-26 22:33:35'),
('UnMoBG6yYWAqDhXgNTZZzpD6dRiAgyE36z961rDgnp', 24, NULL, '2014-08-27 20:17:25', '2014-08-27 20:17:25'),
('YY1fxTisc12y0hBWVT40rOe2LWuF4rhBJ4OvxXPEY8', 22, NULL, '2014-08-28 00:19:05', '2014-08-28 00:19:05'),
('6eKkCC8wgKGn7FKKpsmlWd2rw41rjyxJfvarJpZwvh', 28, NULL, '2014-08-27 23:10:19', '2014-08-27 23:10:19'),
('xgWqVbtcNDICPrep5hNxQMadNpezUIZrSsOFGJjhxy', 22, NULL, '2014-08-28 01:52:28', '2014-08-28 01:52:28'),
('oQbE4tVEadi72pLQW5gDvt2Zf4XQgXJqTfv8c55UXb', 28, NULL, '2014-08-28 10:29:01', '2014-08-28 10:29:01'),
('gRDF7Bypi05zpPtKJmUe3s3bq6hNIASkdHKJ23vrWD', 22, NULL, '2014-08-28 15:43:36', '2014-08-28 15:43:36'),
('QvcJ4k1rHQjkODqRmPqrBSgGalAmwmLA9yuvHNEXQf', 22, NULL, '2014-08-28 17:35:11', '2014-08-28 17:35:11'),
('jWvySDrlqCBPkKTq22mBKVnHzZcL2IBffRhw5g1BdD', 28, NULL, '2014-08-28 20:44:36', '2014-08-28 20:44:36'),
('HZRV84PzycHELb9AdvoNcJFRSX5TA18ANgbnuyAWTf', 22, NULL, '2014-08-28 20:55:22', '2014-08-28 20:55:22'),
('qAdZUohpPfnwxltzQP9SI70BGwnFfGJbWwnrFP1NMN', 28, NULL, '2014-08-28 22:07:51', '2014-08-28 22:07:51'),
('vC40wNUsDGkICj836bvgqcEo2aTiJNYh8W3ANG3RRm', 28, NULL, '2014-08-28 23:10:50', '2014-08-28 23:10:50'),
('xhZlyWTY18oGsjSAzx3seF3n9FUOu0bds42al6pJC5', 30, NULL, '2014-08-29 09:10:58', '2014-08-29 09:10:58'),
('QGhR5VmtEjaKZmY0qmGqwft8ki5KqFRtv22qNRE2rk', 22, NULL, '2014-08-29 00:50:41', '2014-08-29 00:50:41'),
('GB6SK3lgoAqNfTzs1rqZLkmDfVk69ltLMbaLZe7z6K', 26, NULL, '2014-08-29 12:15:05', '2014-08-29 12:15:05'),
('U89tWsClLeY3gB7gKecdXREzVZzouvI6SVeGU8Zghu', 26, NULL, '2014-08-29 11:27:12', '2014-08-29 11:27:12'),
('ebFDkt3U96TXIJPV3JpzO1hARbcDxjPaBSA7Ha5thP', 32, NULL, '2014-08-29 19:23:22', '2014-08-29 19:23:22'),
('kl45jWpZq1TAkjjpjePTc3OaabkfvGz0ivtGKNBeNx', 32, NULL, '2014-08-30 08:11:29', '2014-08-30 08:11:29'),
('G1F5imprDGfd5P5aXIDEkGUo8n7w6QoUKQFhv17d0s', 34, NULL, '2014-08-30 15:54:53', '2014-08-30 15:54:53'),
('sSDNEEwMI4v1OfknTnQMD77Hlr6nLPRcoV7XMbpqpG', 32, NULL, '2014-08-30 13:10:06', '2014-08-30 13:10:06'),
('LX0SG956g7fDDEXnILbeonLl4Vbv0ZKQkuTWZ3bezZ', 32, NULL, '2014-08-30 13:28:06', '2014-08-30 13:28:06'),
('tnPRSeIcSkSyH78IZLsVLPMShknejBKFZlZTNF2Q34', 33, NULL, '2014-08-30 16:52:23', '2014-08-30 16:52:23'),
('vyLSLTGPM0WUfme4g4MMNDAM9ZTiu68n4CKeZoflbG', 45, NULL, '2014-08-30 15:38:15', '2014-08-30 15:38:15'),
('IW0Ap5Zb4qOkGbjc8OpjIq9OUV1tlHfuJzITf9wzU4', 33, NULL, '2014-08-30 15:44:02', '2014-08-30 15:44:02'),
('n0anHTMymFLFACxKTtcYHVBQWw79JNsQzOwTbXy2xb', 36, NULL, '2014-08-30 15:47:30', '2014-08-30 15:47:30'),
('DGfZZpGobNG4p1WF925pocplR1RxaW4RxXocT6HBsx', 42, NULL, '2014-08-30 15:10:29', '2014-08-30 15:10:29'),
('hHzHbzIJeK5o9lK0z25l8qJMXbDaquWTMwgsPtAHUX', 33, NULL, '2014-08-30 15:48:35', '2014-08-30 15:48:35'),
('71Gd2XA4UFTo6lvRTqdxsxtDRhdz0IfKyge166oRIF', 34, NULL, '2014-08-30 15:40:01', '2014-08-30 15:40:01'),
('MUeuSknex5O9uHNvwpeKNYyjII65uFf6oL9tZYBq24', 36, NULL, '2014-08-30 15:47:39', '2014-08-30 15:47:39'),
('xsNp1jpQPXGF91LWEmUQsYot0plfzQb4cs8oGXPPD5', 35, NULL, '2014-08-30 15:28:33', '2014-08-30 15:28:33'),
('gUCVY8dt51ZwD3sCOiqTv0jqubrgCn1AnZkIKCJH19', 45, NULL, '2014-08-30 15:43:45', '2014-08-30 15:43:45'),
('JJa0LPmiTU4WZ9rorlP92HtR3rH1eC7lSDJPvFnB0s', 37, NULL, '2014-08-30 15:28:31', '2014-08-30 15:28:31'),
('pt219I8ulOAmjUXWpriGqgOerEQFqpOALj3ERBIS5a', 34, NULL, '2014-08-30 15:41:24', '2014-08-30 15:41:24'),
('w1cFjjKSsV2vNOF0USu73m91J2tyntM0SBOWnYrB5Y', 37, NULL, '2014-08-30 15:12:15', '2014-08-30 15:12:15'),
('RprFJ2MlDvVSWzbIvHcfChjlkF5O5F4UWrJFOIqgU7', 43, NULL, '2014-08-30 15:17:37', '2014-08-30 15:17:37'),
('YZV3aZJFT66qNMAZbS8jfivaSAONcQrMPgYlOfxZXT', 37, NULL, '2014-08-30 15:28:08', '2014-08-30 15:28:08'),
('zaPO903lnAS8Zk9OFtLG3RbLq0Qm1hNsBBgIIceWgV', 36, NULL, '2014-08-30 15:47:35', '2014-08-30 15:47:35'),
('LETSfTgUBvHkakURJFSXXPLRMrk4WE0K2iC7H7ZKvC', 35, NULL, '2014-08-30 15:28:33', '2014-08-30 15:28:33'),
('HiK3YuX75raWNMvSxkmaxiN17XB1oyLBQwOH0HJmme', 35, NULL, '2014-08-30 15:34:46', '2014-08-30 15:34:46'),
('xmoLvQPZ2BfWL4jYCd5YHTPvKmcttt8qdXilF2TFwR', 37, NULL, '2014-08-30 16:52:36', '2014-08-30 16:52:36'),
('hKEeZjiACsyX31kfDuJuM9OaoWPVIMIsPazF3gFKiq', 32, NULL, '2014-08-30 16:16:12', '2014-08-30 16:16:12'),
('q01KmWoQgE3dvmMuzTWSEV5qfKfEI7cuPSuhvVv5wK', 46, 1, '2015-09-11 19:43:29', '2015-09-11 19:43:29'),
('iVNg9g9kbfZtgIVstzAc2r66Wb2DeTR8pJyUQ04VXr', 32, NULL, '2015-09-11 19:43:04', '2015-09-11 19:43:04');

-- --------------------------------------------------------

--
-- Tabellenstruktur für Tabelle `StockExchangeDispatch`
--

CREATE TABLE IF NOT EXISTS `StockExchangeDispatch` (
  `taskFk` int(11) NOT NULL,
  `raceFk` int(11) NOT NULL,
  `price` double NOT NULL,
  `counter` int(11) NOT NULL
) ENGINE=MyISAM DEFAULT CHARSET=utf8;

--
-- Daten für Tabelle `StockExchangeDispatch`
--

INSERT INTO `StockExchangeDispatch` (`taskFk`, `raceFk`, `price`, `counter`) VALUES
(1, 1, 145.47578618324, 15),
(2, 1, 149.05150942006, 15),
(3, 1, 166.57632203442, 15),
(4, 1, 140.07541786172, 15),
(5, 1, 151.82310786781, 15),
(6, 1, 106.40794739527, 16),
(7, 1, 197.44421705698, 14),
(8, 1, 113.17060220559, 15),
(9, 1, 108.07277218829, 15),
(10, 1, 199.5168475133, 13),
(11, 1, 31.319562842199, 20),
(12, 1, 72.980873349495, 17),
(13, 1, 47.484946869092, 19),
(14, 1, 92.730648682198, 17),
(15, 1, 98.859821057505, 16),
(16, 1, 12.22254676633, 22),
(17, 1, 64.022201208082, 18),
(18, 1, 40.123293732985, 19),
(19, 1, 30.636581987968, 20),
(20, 1, 32.004993777728, 20),
(25, 1, 100, 0),
(21, 2, 100, 0),
(22, 2, 100, 0),
(23, 2, 100, 0),
(24, 2, 100, 0),
(37, 2, 10, 0),
(36, 2, 10, 0),
(35, 2, -5, 0),
(34, 2, -5, 0),
(33, 2, -5, 0),
(32, 2, -5, 0),
(31, 2, -5, 0),
(30, 2, 5, 0),
(29, 2, 5, 0),
(28, 2, 5, 0),
(27, 2, 5, 0),
(26, 2, 5, 0),
(38, 2, -20, 0),
(39, 2, 30, 0),
(40, 2, 20, 0),
(41, 2, 20, 0),
(42, 2, 10, 0),
(43, 2, 40, 0),
(44, 2, 20, 0),
(45, 2, 10, 0);

-- --------------------------------------------------------

--
-- Tabellenstruktur für Tabelle `Task`
--

CREATE TABLE IF NOT EXISTS `Task` (
`taskId` int(11) NOT NULL,
  `name` varchar(80) NOT NULL,
  `maxDuration` int(11) NOT NULL COMMENT '[seconds]',
  `price` int(11) NOT NULL,
  `description` varchar(256) NOT NULL,
  `raceFk` int(11) NOT NULL,
  `dispatchCheckpointFk` int(11) DEFAULT NULL,
  `fixPrice` tinyint(1) NOT NULL
) ENGINE=MyISAM  DEFAULT CHARSET=utf8 AUTO_INCREMENT=46 ;

--
-- Daten für Tabelle `Task`
--

INSERT INTO `Task` (`taskId`, `name`, `maxDuration`, `price`, `description`, `raceFk`, `dispatchCheckpointFk`, `fixPrice`) VALUES
(37, 'flat', 1, 10, 'Fix a flat tyre', 2, 13, 1),
(36, 'pic', 1, 10, 'Social Media', 2, 9, 1),
(35, '-', 1, -5, 'Bad @ HQ', 2, 9, 1),
(34, '-', 1, -5, 'Bad @ Heaven Devils', 2, 11, 1),
(33, '-', 1, -5, 'Bad @ Delirium Inc', 2, 12, 1),
(32, '-', 1, -5, 'Bad @ Absolution', 2, 13, 1),
(31, '-', 1, -5, 'Bad @ Wide Open', 2, 10, 1),
(30, '+', 1, 5, 'Nice @ HQ', 2, 9, 1),
(29, '+', 1, 5, 'Nice @ Heaven Devils', 2, 11, 1),
(2, 'J1', 1800, 100, 'Jeromy slow', 1, NULL, 0),
(1, 'A1', 1800, 100, 'Aamon slow', 1, NULL, 0),
(28, '+', 1, 5, 'Nice @ Delirium Inc', 2, 12, 1),
(27, '+', 1, 5, 'Nice @ Absolution', 2, 13, 1),
(26, '+', 1, 5, 'Nice @ Wide Open', 2, 10, 1),
(38, 'cargo', 1, -20, 'rent a cargo bike', 2, 9, 1),
(39, 'HD', 600, 30, 'Heavy duty', 2, 9, 0),
(40, 'SG', 600, 20, 'Stopp and go', 2, 9, 0),
(41, 'LR', 600, 20, 'Long distance run', 2, 9, 0),
(42, 'lock', 300, 10, 'Locked Bike', 2, 9, 0),
(43, 'KS', 1200, 40, 'King Size', 2, 9, 0),
(44, 'IO', 600, 20, 'In and Out', 2, 9, 0),
(45, 'RT', 300, 10, 'Round Trip', 2, 9, 0),
(3, 'M1', 1800, 100, 'Moik slow', 1, NULL, 0),
(4, 'R1', 1800, 100, 'Rotschi slow', 1, NULL, 0),
(5, 'V1', 1800, 100, 'Voxo slow', 1, NULL, 0),
(6, 'A2', 900, 100, 'Aamon fast', 1, NULL, 0),
(7, 'J2', 900, 100, 'Jeremy fast', 1, NULL, 0),
(8, 'M2', 900, 100, 'Moik fast', 1, NULL, 0),
(9, 'R2', 900, 100, 'Rotschi fast', 1, NULL, 0),
(10, 'V2', 900, 100, 'Voxo fast', 1, NULL, 0),
(11, 'A3', 1200, 100, 'Ammon: Egg', 1, NULL, 0),
(12, 'J3', 1200, 100, 'Jeremy: Lock', 1, NULL, 0),
(13, 'M3', 1200, 100, 'Moik: Foot', 1, NULL, 0),
(14, 'R3', 1200, 100, 'Rotschi: Lock', 1, NULL, 0),
(15, 'V3', 1200, 100, 'Voxo: Flat', 1, NULL, 0),
(16, 'J4', 1200, 100, 'Jeremy: Cargo', 1, NULL, 0),
(17, 'M4', 1200, 100, 'Moik: Beer run', 1, NULL, 0),
(18, 'R4', 1200, 100, 'Rotschi: Foot', 1, NULL, 0),
(19, 'V4', 1200, 100, 'Voxo: Dress', 1, NULL, 0),
(20, 'A4', 1200, 100, 'Aamon: ???', 1, NULL, 0);

-- --------------------------------------------------------

--
-- Tabellenstruktur für Tabelle `User`
--

CREATE TABLE IF NOT EXISTS `User` (
`userId` int(11) NOT NULL,
  `user` varchar(80) NOT NULL,
  `password` varchar(80) NOT NULL,
  `role` varchar(80) NOT NULL,
  `raceFk` int(11) DEFAULT NULL,
  `checkpointFk` int(11) DEFAULT NULL
) ENGINE=MyISAM  DEFAULT CHARSET=utf8 AUTO_INCREMENT=53 ;

--
-- Daten für Tabelle `User`
--

INSERT INTO `User` (`userId`, `user`, `password`, `role`, `raceFk`, `checkpointFk`) VALUES
(33, 'aamon', '17d30b9a2e6f98d38269afa72c4b1b8b0a2dd9447beda595a0ef903238eeeee3', 'checkpoint', 1, 1),
(31, 'admin', '50311c24b8a7feb31735979f06fc93ae32b8732c240c0e85909e3bc91121a280', 'admin', 1, NULL),
(32, 'master', '50311c24b8a7feb31735979f06fc93ae32b8732c240c0e85909e3bc91121a280', 'race master', 2, 0),
(34, 'rotschi', '532d79cc5e85d9ecd66260c63b967c2085136c8fb07b392565a62684c353108d', 'checkpoint', 1, 2),
(35, 'voxo', '7c9b3e0182d17e9536091cf9f8323418fef7684a4c137feef9825e16a2b19da1', 'checkpoint', 1, 4),
(36, 'moik', '6edf2e2cbc79085a365fb996800a766bf756d528d48b57ce4609e6b8a33bc1fd', 'checkpoint', 1, 5),
(37, 'dispatch', '3f584eba5ee0bc275eee6cde5d8f7bae24744c19ee1c638c0ea16571cb34f492', 'dispatcher', 1, 0),
(38, 'regi', '374224fbb80782ef115a8d70d85f9ff5d5022d2c003a7821fd1d51e288d55770', 'registration', 1, 0),
(47, 'reg', '77b44e349fcacd78c85ed010c331b99391e7a025f5588593e433003b3619652e', 'registration', 2, NULL),
(48, 'wo', 'fca0712a4256db74cc915e10f0663d645be4784a7763788f1704132e646f1262', 'checkpoint', 2, 10),
(49, 'hd', 'f742259902227575629e2cd668e0c332a442b751d1aebca74a5a94428e70801f', 'checkpoint', 2, 11),
(50, 'di', '1fe6aea38d16460bea96fce34f6468dc46362ecd08ffde6cd8cca295b2890e6c', 'checkpoint', 2, 12),
(51, 'hq', '0bb509861379c498008348dda007439333e33ed09e83c8fbb36a7c3b0dc1b415', 'checkpoint', 2, 9),
(52, 'ab', 'f4a4ff08d8efb9a50e15642f12e9d1f03ea62a52c5f0d912a8bc8bfa5a6af661', 'checkpoint', 2, 13),
(45, 'jeremy', '3eaeaacc5acf161a37900f2839ed7c8a800e4a3626d3d80d0880ea0725396ffc', 'checkpoint', 1, 3),
(46, 'guest', 'X', 'guest', NULL, NULL);

-- --------------------------------------------------------

--
-- Tabellenstruktur für Tabelle `UserRace`
--

CREATE TABLE IF NOT EXISTS `UserRace` (
`userRaceId` int(11) NOT NULL,
  `userFk` int(11) NOT NULL,
  `raceFk` int(11) NOT NULL
) ENGINE=MyISAM  DEFAULT CHARSET=utf8 AUTO_INCREMENT=3 ;

--
-- Daten für Tabelle `UserRace`
--

INSERT INTO `UserRace` (`userRaceId`, `userFk`, `raceFk`) VALUES
(1, 32, 1),
(2, 32, 2);

--
-- Indexes for dumped tables
--

--
-- Indexes for table `Checkpoint`
--
ALTER TABLE `Checkpoint`
 ADD PRIMARY KEY (`checkpointId`);

--
-- Indexes for table `Delivery`
--
ALTER TABLE `Delivery`
 ADD PRIMARY KEY (`deliveryId`);

--
-- Indexes for table `DeliveryCondition`
--
ALTER TABLE `DeliveryCondition`
 ADD PRIMARY KEY (`deliveryConditionId`);

--
-- Indexes for table `Parcel`
--
ALTER TABLE `Parcel`
 ADD PRIMARY KEY (`parcelId`);

--
-- Indexes for table `Race`
--
ALTER TABLE `Race`
 ADD PRIMARY KEY (`raceId`);

--
-- Indexes for table `Racer`
--
ALTER TABLE `Racer`
 ADD PRIMARY KEY (`racerId`), ADD UNIQUE KEY `racerNumber` (`raceFk`,`racerNumber`);

--
-- Indexes for table `RacerDelivery`
--
ALTER TABLE `RacerDelivery`
 ADD PRIMARY KEY (`racerDeliveryId`);

--
-- Indexes for table `RacerTask`
--
ALTER TABLE `RacerTask`
 ADD PRIMARY KEY (`racerTaskId`);

--
-- Indexes for table `Session`
--
ALTER TABLE `Session`
 ADD PRIMARY KEY (`sessionId`);

--
-- Indexes for table `StockExchangeDispatch`
--
ALTER TABLE `StockExchangeDispatch`
 ADD PRIMARY KEY (`taskFk`);

--
-- Indexes for table `Task`
--
ALTER TABLE `Task`
 ADD PRIMARY KEY (`taskId`);

--
-- Indexes for table `User`
--
ALTER TABLE `User`
 ADD PRIMARY KEY (`userId`), ADD UNIQUE KEY `user` (`user`);

--
-- Indexes for table `UserRace`
--
ALTER TABLE `UserRace`
 ADD PRIMARY KEY (`userRaceId`);

--
-- AUTO_INCREMENT for dumped tables
--

--
-- AUTO_INCREMENT for table `Checkpoint`
--
ALTER TABLE `Checkpoint`
MODIFY `checkpointId` int(11) NOT NULL AUTO_INCREMENT,AUTO_INCREMENT=14;
--
-- AUTO_INCREMENT for table `Delivery`
--
ALTER TABLE `Delivery`
MODIFY `deliveryId` int(11) NOT NULL AUTO_INCREMENT,AUTO_INCREMENT=102;
--
-- AUTO_INCREMENT for table `DeliveryCondition`
--
ALTER TABLE `DeliveryCondition`
MODIFY `deliveryConditionId` int(11) NOT NULL AUTO_INCREMENT,AUTO_INCREMENT=92;
--
-- AUTO_INCREMENT for table `Parcel`
--
ALTER TABLE `Parcel`
MODIFY `parcelId` int(11) NOT NULL AUTO_INCREMENT,AUTO_INCREMENT=24;
--
-- AUTO_INCREMENT for table `Race`
--
ALTER TABLE `Race`
MODIFY `raceId` int(11) NOT NULL AUTO_INCREMENT,AUTO_INCREMENT=3;
--
-- AUTO_INCREMENT for table `Racer`
--
ALTER TABLE `Racer`
MODIFY `racerId` int(11) NOT NULL AUTO_INCREMENT,AUTO_INCREMENT=50;
--
-- AUTO_INCREMENT for table `RacerDelivery`
--
ALTER TABLE `RacerDelivery`
MODIFY `racerDeliveryId` int(11) NOT NULL AUTO_INCREMENT,AUTO_INCREMENT=919;
--
-- AUTO_INCREMENT for table `RacerTask`
--
ALTER TABLE `RacerTask`
MODIFY `racerTaskId` int(11) NOT NULL AUTO_INCREMENT,AUTO_INCREMENT=378;
--
-- AUTO_INCREMENT for table `Task`
--
ALTER TABLE `Task`
MODIFY `taskId` int(11) NOT NULL AUTO_INCREMENT,AUTO_INCREMENT=46;
--
-- AUTO_INCREMENT for table `User`
--
ALTER TABLE `User`
MODIFY `userId` int(11) NOT NULL AUTO_INCREMENT,AUTO_INCREMENT=53;
--
-- AUTO_INCREMENT for table `UserRace`
--
ALTER TABLE `UserRace`
MODIFY `userRaceId` int(11) NOT NULL AUTO_INCREMENT,AUTO_INCREMENT=3;
/*!40101 SET CHARACTER_SET_CLIENT=@OLD_CHARACTER_SET_CLIENT */;
/*!40101 SET CHARACTER_SET_RESULTS=@OLD_CHARACTER_SET_RESULTS */;
/*!40101 SET COLLATION_CONNECTION=@OLD_COLLATION_CONNECTION */;
